,Close,Close_detrend,Target(1),Target(30),Prediction(1),Prediction(30)
407499,39.21,7.259904071924961,-1.0,1.0,-1.0,1.0
407500,38.44,6.466729193370345,1.0,1.0,1.0,1.0
407501,39.33,7.333554314815732,1.0,1.0,1.0,1.0
407502,39.48,7.460379436261113,-1.0,1.0,-1.0,1.0
407503,38.94,6.897204557706503,1.0,1.0,1.0,1.0
407504,39.63,7.564029679151893,1.0,1.0,1.0,1.0
407505,40.55,8.460854800597275,-1.0,1.0,-1.0,1.0
407506,40.29,8.177679922042664,-1.0,1.0,-1.0,1.0
407507,38.35,6.214505043488053,-1.0,1.0,1.0,1.0
407508,38.3,6.141330164933442,-1.0,1.0,-1.0,1.0
407509,37.7,5.518155286378836,1.0,1.0,1.0,1.0
407510,38.39,6.184980407824219,1.0,1.0,1.0,1.0
407511,38.87,6.641805529269604,1.0,1.0,1.0,1.0
407512,39.02,6.7686306507149965,-1.0,1.0,1.0,1.0
407513,38.95,6.675455772160382,1.0,1.0,1.0,1.0
407514,40.07,7.772280893605767,-1.0,1.0,-1.0,1.0
407515,40.04,7.719106015051152,1.0,1.0,-1.0,1.0
407516,40.41,8.065931136496538,-1.0,1.0,-1.0,1.0
407517,40.03,7.662756257941929,1.0,1.0,1.0,1.0
407518,40.85,8.459581379387316,-1.0,1.0,-1.0,1.0
407519,39.88,7.466406500832704,1.0,1.0,1.0,-1.0
407520,40.85,8.41323162227809,-1.0,1.0,-1.0,1.0
407521,40.64,8.180056743723478,1.0,1.0,1.0,1.0
407522,41.97,9.48688186516886,-1.0,1.0,1.0,1.0
407523,41.83,9.323706986614248,-1.0,1.0,-1.0,1.0
407524,41.62,9.090532108059632,-1.0,1.0,-1.0,1.0
407525,41.53,8.977357229505024,1.0,1.0,1.0,1.0
407526,41.92,9.344182350950412,1.0,1.0,1.0,1.0
407527,42.81,10.211007472395801,-1.0,1.0,-1.0,1.0
407528,42.59,9.967832593841187,-1.0,1.0,-1.0,1.0
407529,42.42,9.774657715286573,1.0,1.0,1.0,1.0
407530,42.93,10.261482836731957,1.0,1.0,1.0,1.0
407531,43.18,10.488307958177344,-1.0,1.0,-1.0,1.0
407532,43.15,10.43513307962273,-1.0,1.0,-1.0,1.0
407533,43.07,10.331958201068119,1.0,-1.0,1.0,-1.0
407534,43.24,10.478783322513507,1.0,1.0,1.0,1.0
407535,43.79,11.005608443958893,-1.0,1.0,-1.0,1.0
407536,43.64,10.83243356540428,-1.0,-1.0,-1.0,1.0
407537,43.45,10.619258686849667,1.0,1.0,1.0,1.0
407538,43.74,10.886083808295057,1.0,-1.0,1.0,-1.0
407539,44.58,11.702908929740438,1.0,-1.0,1.0,-1.0
407540,44.94,12.039734051185825,0.0,-1.0,0.0,-1.0
407541,44.94,12.016559172631213,1.0,-1.0,-1.0,-1.0
407542,45.02,12.073384294076606,-1.0,-1.0,-1.0,-1.0
407543,44.86,11.890209415521989,-1.0,-1.0,-1.0,-1.0
407544,44.58,11.587034536967373,1.0,-1.0,1.0,-1.0
407545,44.75,11.73385965841276,1.0,-1.0,1.0,-1.0
407546,45.18,12.140684779858148,1.0,-1.0,1.0,-1.0
407547,45.34,12.277509901303539,1.0,-1.0,1.0,-1.0
407548,45.84,12.754335022748926,-1.0,-1.0,-1.0,-1.0
407549,45.32,12.21116014419431,1.0,-1.0,1.0,-1.0
407550,45.76,12.627985265639696,1.0,-1.0,1.0,-1.0
407551,45.98,12.82481038708508,1.0,-1.0,1.0,-1.0
407552,46.14,12.961635508530476,-1.0,-1.0,1.0,-1.0
407553,45.87,12.66846062997586,1.0,-1.0,1.0,-1.0
407554,47.73,14.50528575142125,1.0,-1.0,1.0,1.0
407555,47.81,14.56211087286664,-1.0,-1.0,-1.0,-1.0
407556,45.55,12.278935994312024,-1.0,-1.0,-1.0,-1.0
407557,45.39,12.095761115757412,1.0,-1.0,1.0,-1.0
407558,45.88,12.562586237202801,-1.0,-1.0,-1.0,-1.0
407559,45.35,12.009411358648189,-1.0,-1.0,-1.0,-1.0
407560,44.74,11.376236480093574,1.0,-1.0,1.0,-1.0
407561,44.94,11.553061601538957,-1.0,-1.0,1.0,-1.0
407562,43.89,10.479886722984347,-1.0,-1.0,-1.0,-1.0
407563,42.41,8.97671184442973,1.0,-1.0,1.0,-1.0
407564,43.46,10.003536965875119,1.0,-1.0,1.0,-1.0
407565,44.0,10.520362087320509,-1.0,-1.0,-1.0,-1.0
407566,42.58,9.077187208765894,1.0,-1.0,1.0,-1.0
407567,43.53,10.004012330211284,-1.0,-1.0,-1.0,-1.0
407568,42.47,8.920837451656666,1.0,-1.0,1.0,-1.0
407569,42.63,9.057662573102057,-1.0,-1.0,-1.0,-1.0
407570,40.81,7.214487694547444,-1.0,-1.0,-1.0,-1.0
407571,40.76,7.141312815992826,1.0,-1.0,1.0,-1.0
407572,41.95,8.308137937438218,-1.0,-1.0,-1.0,-1.0
407573,41.55,7.884963058883599,1.0,-1.0,-1.0,-1.0
407574,41.69,8.001788180328989,-1.0,-1.0,-1.0,-1.0
407575,40.81,7.098613301774378,-1.0,-1.0,-1.0,-1.0
407576,39.89,6.155438423219763,-1.0,-1.0,-1.0,-1.0
407577,39.84,6.082263544665151,-1.0,-1.0,-1.0,-1.0
407578,39.02,5.23908866611054,1.0,-1.0,1.0,-1.0
407579,39.38,5.575913787555926,-1.0,-1.0,-1.0,-1.0
407580,37.83,4.002738909001309,1.0,-1.0,1.0,-1.0
407581,40.05,6.1995640304466955,-1.0,-1.0,-1.0,-1.0
407582,38.62,4.746389151892082,1.0,-1.0,1.0,-1.0
407583,38.94,5.043214273337468,-1.0,-1.0,-1.0,-1.0
407584,38.78,4.860039394782858,1.0,1.0,1.0,-1.0
407585,40.42,6.476864516228247,-1.0,-1.0,-1.0,-1.0
407586,39.58,5.613689637673629,-1.0,1.0,-1.0,1.0
407587,38.54,4.550514759119018,1.0,1.0,1.0,1.0
407588,39.55,5.537339880564404,-1.0,1.0,-1.0,1.0
407589,39.1,5.064165002009794,-1.0,-1.0,-1.0,-1.0
407590,37.62,3.560990123455177,-1.0,1.0,-1.0,1.0
407591,36.72,2.6378152449005654,1.0,1.0,1.0,1.0
407592,37.78,3.6746403663459546,-1.0,1.0,-1.0,1.0
407593,37.12,2.991465487791338,1.0,1.0,1.0,1.0
407594,38.29,4.138290609236726,-1.0,1.0,-1.0,1.0
407595,38.09,3.9151157306821176,-1.0,1.0,-1.0,1.0
407596,37.33,3.1319408521274994,1.0,1.0,1.0,1.0
407597,38.25,4.028765973572888,1.0,1.0,1.0,1.0
407598,38.52,4.275591095018278,-1.0,1.0,-1.0,1.0
407599,38.44,4.17241621646366,1.0,1.0,1.0,1.0
407600,39.18,4.8892413379090565,-1.0,1.0,-1.0,1.0
407601,38.87,4.55606645935444,-1.0,1.0,-1.0,1.0
407602,38.33,3.992891580799828,1.0,1.0,1.0,1.0
407603,38.89,4.529716702245217,-1.0,1.0,-1.0,1.0
407604,38.03,3.6465418236906046,1.0,1.0,1.0,1.0
407605,39.44,5.033366945135988,-1.0,1.0,-1.0,1.0
407606,38.54,4.1101920665813765,-1.0,1.0,-1.0,-1.0
407607,37.06,2.6070171880267665,-1.0,1.0,-1.0,1.0
407608,36.61,2.1338423094721506,-1.0,1.0,-1.0,1.0
407609,36.08,1.5806674309175364,-1.0,1.0,1.0,1.0
407610,35.83,1.3074925523629233,1.0,1.0,1.0,1.0
407611,36.33,1.7843176738083102,1.0,1.0,1.0,1.0
407612,38.15,3.5811427952536974,1.0,-1.0,1.0,1.0
407613,38.16,3.5679679166990823,1.0,-1.0,1.0,-1.0
407614,38.85,4.234793038144473,1.0,-1.0,-1.0,-1.0
407615,39.19,4.551618159589856,1.0,-1.0,1.0,-1.0
407616,40.48,5.818443281035242,-1.0,-1.0,-1.0,-1.0
407617,40.35,5.665268402480635,1.0,-1.0,1.0,-1.0
407618,40.46,5.752093523926022,-1.0,-1.0,-1.0,-1.0
407619,39.0,4.268918645371406,1.0,-1.0,1.0,-1.0
407620,39.04,4.285743766816793,1.0,-1.0,1.0,-1.0
407621,39.63,4.852568888262184,-1.0,-1.0,-1.0,-1.0
407622,38.42,3.6193940097075696,1.0,-1.0,1.0,-1.0
407623,39.35,4.526219131152956,1.0,-1.0,1.0,-1.0
407624,39.83,4.98304425259834,1.0,-1.0,1.0,-1.0
407625,40.33,5.459869374043727,1.0,-1.0,1.0,-1.0
407626,40.69,5.796694495489112,-1.0,-1.0,-1.0,-1.0
407627,40.32,5.403519616934504,-1.0,-1.0,-1.0,-1.0
407628,40.21,5.270344738379889,1.0,-1.0,-1.0,1.0
407629,40.28,5.3171698598252775,1.0,1.0,1.0,1.0
407630,41.64,6.653994981270664,-1.0,-1.0,-1.0,-1.0
407631,41.08,6.0708201027160476,1.0,-1.0,1.0,-1.0
407632,41.29,6.257645224161436,-1.0,-1.0,-1.0,-1.0
407633,41.27,6.214470345606828,-1.0,-1.0,-1.0,1.0
407634,40.44,5.361295467052209,-1.0,1.0,-1.0,1.0
407635,39.82,4.718120588497597,-1.0,1.0,-1.0,1.0
407636,39.17,4.044945709942986,-1.0,1.0,-1.0,1.0
407637,37.77,2.6217708313883747,1.0,1.0,1.0,1.0
407638,37.81,2.638595952833761,-1.0,1.0,-1.0,1.0
407639,37.5,2.305421074279145,1.0,1.0,-1.0,1.0
407640,37.69,2.47224619572453,-1.0,1.0,-1.0,1.0
407641,37.48,2.239071317169916,1.0,1.0,1.0,1.0
407642,37.89,2.6258964386153067,-1.0,1.0,-1.0,1.0
407643,37.07,1.7827215600607005,1.0,1.0,1.0,1.0
407644,37.14,1.829546681506088,-1.0,1.0,-1.0,1.0
407645,36.88,1.5463718029514766,-1.0,1.0,-1.0,1.0
407646,36.21,0.8531969243968618,1.0,1.0,1.0,1.0
407647,36.23,0.8500220458422447,-1.0,1.0,-1.0,1.0
407648,35.63,0.2268471672876373,1.0,1.0,1.0,1.0
407649,36.6,1.1736722887330229,-1.0,1.0,-1.0,1.0
407650,35.85,0.40049741017840995,1.0,1.0,-1.0,1.0
407651,36.26,0.7873225316237935,1.0,1.0,1.0,1.0
407652,37.74,2.2441476530691844,1.0,1.0,1.0,1.0
407653,38.16,2.640972774514566,1.0,-1.0,-1.0,-1.0
407654,39.17,3.627797895959958,-1.0,-1.0,-1.0,-1.0
407655,38.28,2.7146230174053443,1.0,-1.0,1.0,-1.0
407656,39.12,3.5314481388507275,1.0,-1.0,1.0,1.0
407657,40.1,4.488273260296118,-1.0,-1.0,-1.0,-1.0
407658,39.76,4.125098381741502,1.0,-1.0,1.0,-1.0
407659,41.12,5.461923503186887,-1.0,-1.0,1.0,1.0
407660,40.72,5.0387486246322775,1.0,-1.0,1.0,-1.0
407661,40.98,5.2755737460776615,1.0,-1.0,1.0,-1.0
407662,40.99,5.2623988675230535,-1.0,-1.0,-1.0,-1.0
407663,40.06,4.309223988968442,1.0,-1.0,1.0,-1.0
407664,41.19,5.416049110413823,-1.0,-1.0,-1.0,-1.0
407665,40.59,4.792874231859216,-1.0,-1.0,-1.0,-1.0
407666,39.94,4.119699353304597,-1.0,-1.0,-1.0,-1.0
407667,39.1,3.2565244747499875,1.0,1.0,1.0,1.0
407668,39.75,3.883349596195373,-1.0,1.0,-1.0,1.0
407669,39.08,3.190174717640758,-1.0,1.0,-1.0,1.0
407670,38.95,3.0369998390861497,-1.0,1.0,-1.0,1.0
407671,38.41,2.4738249605315303,-1.0,1.0,-1.0,1.0
407672,38.06,2.100650081976923,1.0,1.0,1.0,1.0
407673,38.81,2.8274752034223103,1.0,1.0,1.0,1.0
407674,38.95,2.9443003248676973,1.0,1.0,1.0,1.0
407675,39.64,3.611125446313082,1.0,-1.0,1.0,-1.0
407676,39.9,3.8479505677584664,-1.0,-1.0,1.0,-1.0
407677,39.52,3.4447756892038583,-1.0,1.0,-1.0,1.0
407678,39.31,3.2116008106492444,1.0,1.0,-1.0,1.0
407679,39.73,3.6084259320946264,1.0,-1.0,1.0,-1.0
407680,40.4,4.255251053540015,-1.0,-1.0,-1.0,-1.0
407681,39.84,3.6720761749854063,-1.0,-1.0,-1.0,-1.0
407682,38.72,2.5289012964307886,-1.0,-1.0,-1.0,-1.0
407683,37.15,0.9357264178761752,1.0,1.0,1.0,1.0
407684,38.2,1.9625515393215665,-1.0,-1.0,-1.0,-1.0
407685,37.69,1.4293766607669482,1.0,1.0,1.0,1.0
407686,38.1,1.8162017822123389,-1.0,1.0,-1.0,1.0
407687,37.7,1.3930269036577272,0.0,1.0,0.0,1.0
407688,37.7,1.3698520251031139,-1.0,1.0,-1.0,1.0
407689,37.07,0.7166771465484985,1.0,1.0,1.0,1.0
407690,37.2,0.8235022679938879,1.0,1.0,1.0,1.0
407691,37.54,1.1403273894392711,-1.0,1.0,-1.0,1.0
407692,37.51,1.087152510884664,1.0,1.0,-1.0,1.0
407693,37.63,1.1839776323300557,-1.0,1.0,1.0,1.0
407694,37.42,0.9508027537754415,-1.0,1.0,-1.0,1.0
407695,36.96,0.4676278752208276,1.0,1.0,1.0,1.0
407696,37.72,1.2044529966662123,1.0,1.0,1.0,1.0
407697,39.8,3.2612781181115977,1.0,-1.0,1.0,-1.0
407698,40.94,4.378103239556985,-1.0,-1.0,-1.0,-1.0
407699,40.51,3.924928361002373,-1.0,1.0,-1.0,1.0
407700,39.9,3.2917534824477594,1.0,1.0,1.0,1.0
407701,40.62,3.9885786038931457,-1.0,1.0,-1.0,1.0
407702,40.02,3.3654037253385383,-1.0,1.0,-1.0,1.0
407703,39.61,2.932228846783921,1.0,1.0,1.0,1.0
407704,40.08,3.3790539682293077,-1.0,1.0,-1.0,1.0
407705,39.61,2.8858790896746958,-1.0,1.0,-1.0,1.0
407706,39.18,2.4327042111200825,1.0,1.0,1.0,1.0
407707,39.66,2.8895293325654663,-1.0,1.0,-1.0,1.0
407708,39.41,2.616354454010853,-1.0,1.0,-1.0,1.0
407709,38.51,1.6931795754562415,-1.0,1.0,-1.0,1.0
407710,37.63,0.790004696901633,1.0,1.0,1.0,1.0
407711,38.16,1.2968298183470142,-1.0,1.0,-1.0,1.0
407712,37.5,0.6136549397924043,1.0,1.0,1.0,1.0
407713,37.91,1.0004800612377878,-1.0,1.0,-1.0,1.0
407714,37.4,0.4673051826831767,1.0,1.0,1.0,1.0
407715,38.15,1.1941303041285636,1.0,1.0,1.0,1.0
407716,39.31,2.330955425573954,1.0,1.0,1.0,1.0
407717,39.61,2.6077805470193383,1.0,1.0,1.0,1.0
407718,39.9,2.8746056684647243,-1.0,1.0,-1.0,1.0
407719,39.25,2.2014307899101127,1.0,1.0,1.0,1.0
407720,40.26,3.1882559113554976,1.0,1.0,1.0,1.0
407721,40.81,3.7150810328008887,1.0,1.0,1.0,1.0
407722,41.43,4.311906154246273,1.0,1.0,-1.0,1.0
407723,41.51,4.368731275691658,-1.0,1.0,-1.0,1.0
407724,40.79,3.6255563971370464,-1.0,1.0,-1.0,1.0
407725,40.21,3.0223815185824354,-1.0,1.0,-1.0,1.0
407726,40.01,2.7992066400278186,-1.0,1.0,-1.0,1.0
407727,39.67,2.4360317614732097,1.0,1.0,1.0,1.0
407728,39.95,2.6928568829185977,1.0,1.0,1.0,1.0
407729,41.0,3.7196820043639818,1.0,1.0,1.0,1.0
407730,42.16,4.856507125809372,-1.0,1.0,-1.0,1.0
407731,42.08,4.753332247254754,1.0,1.0,-1.0,1.0
407732,42.67,5.320157368700143,-1.0,1.0,-1.0,1.0
407733,42.61,5.236982490145536,-1.0,1.0,-1.0,1.0
407734,42.36,4.963807611590923,-1.0,1.0,-1.0,1.0
407735,42.23,4.810632733036306,1.0,1.0,1.0,1.0
407736,42.42,4.9774578544817,1.0,1.0,1.0,1.0
407737,43.58,6.1142829759270825,1.0,1.0,1.0,-1.0
407738,44.16,6.671108097372468,1.0,1.0,1.0,1.0
407739,44.7,7.187933218817861,-1.0,1.0,-1.0,1.0
407740,44.48,6.944758340263243,-1.0,1.0,-1.0,1.0
407741,43.64,6.081583461708632,-1.0,1.0,-1.0,1.0
407742,43.4,5.818408583154018,1.0,1.0,1.0,1.0
407743,43.6,5.995233704599407,1.0,1.0,1.0,1.0
407744,44.71,7.082058826044793,-1.0,1.0,1.0,1.0
407745,44.45,6.798883947490183,1.0,1.0,-1.0,1.0
407746,44.91,7.235709068935562,-1.0,1.0,-1.0,1.0
407747,44.75,7.052534190380952,-1.0,1.0,-1.0,1.0
407748,43.71,5.989359311826341,1.0,1.0,1.0,1.0
407749,44.75,7.006184433271727,1.0,1.0,1.0,1.0
407750,45.29,7.523009554717113,-1.0,-1.0,-1.0,-1.0
407751,45.02,7.229834676162504,-1.0,1.0,-1.0,-1.0
407752,44.87,7.056659797607884,1.0,1.0,1.0,1.0
407753,44.98,7.143484919053272,1.0,1.0,1.0,1.0
407754,45.1,7.240310040498662,-1.0,1.0,-1.0,-1.0
407755,44.54,6.657135161944049,1.0,1.0,1.0,1.0
407756,44.94,7.033960283389432,1.0,-1.0,1.0,-1.0
407757,45.93,8.000785404834822,-1.0,-1.0,-1.0,-1.0
407758,45.45,7.497610526280212,1.0,-1.0,1.0,-1.0
407759,45.46,7.484435647725598,-1.0,1.0,-1.0,-1.0
407760,44.59,6.5912607691709875,1.0,1.0,1.0,1.0
407761,45.5,7.47808589061637,1.0,-1.0,-1.0,-1.0
407762,45.74,7.694911012061759,-1.0,-1.0,-1.0,-1.0
407763,45.11,7.0417361335071424,1.0,1.0,1.0,1.0
407764,45.53,7.438561254952532,1.0,1.0,1.0,-1.0
407765,46.57,8.455386376397918,-1.0,-1.0,-1.0,-1.0
407766,46.54,8.402211497843304,1.0,-1.0,1.0,-1.0
407767,46.82,8.659036619288692,1.0,-1.0,1.0,-1.0
407768,47.94,9.755861740734076,-1.0,-1.0,-1.0,-1.0
407769,47.82,9.612686862179466,1.0,-1.0,1.0,-1.0
407770,48.0,9.769511983624852,-1.0,-1.0,-1.0,-1.0
407771,46.01,7.756337105070237,-1.0,1.0,1.0,1.0
407772,45.96,7.683162226515628,-1.0,1.0,-1.0,1.0
407773,45.91,7.60998734796101,1.0,1.0,-1.0,1.0
407774,46.68,8.356812469406401,1.0,1.0,1.0,-1.0
407775,46.69,8.343637590851785,-1.0,1.0,-1.0,-1.0
407776,45.6,7.230462712297175,-1.0,1.0,-1.0,1.0
407777,45.21,6.8172878337425615,1.0,1.0,1.0,1.0
407778,46.08,7.664112955187947,-1.0,-1.0,-1.0,-1.0
407779,45.52,7.080938076633338,-1.0,-1.0,-1.0,-1.0
407780,45.19,6.727763198078718,1.0,-1.0,-1.0,-1.0
407781,46.4,7.914588319524107,1.0,-1.0,1.0,-1.0
407782,46.56,8.051413440969498,-1.0,-1.0,-1.0,-1.0
407783,45.53,6.9982385624148895,1.0,-1.0,1.0,-1.0
407784,45.74,7.185063683860277,-1.0,-1.0,-1.0,-1.0
407785,45.3,6.721888805305659,-1.0,-1.0,-1.0,-1.0
407786,44.61,6.0087139267510485,-1.0,1.0,-1.0,1.0
407787,43.81,5.185539048196438,1.0,1.0,1.0,-1.0
407788,44.56,5.912364169641826,1.0,1.0,1.0,1.0
407789,45.74,7.069189291087213,-1.0,-1.0,-1.0,-1.0
407790,45.63,6.9360144125326,-1.0,1.0,-1.0,-1.0
407791,45.47,6.752839533977983,1.0,1.0,1.0,-1.0
407792,45.6,6.859664655423372,1.0,-1.0,1.0,-1.0
407793,45.73,6.966489776868754,1.0,-1.0,1.0,-1.0
407794,45.86,7.073314898314145,1.0,-1.0,1.0,-1.0
407795,45.96,7.150140019759532,1.0,-1.0,1.0,-1.0
407796,46.02,7.186965141204923,1.0,-1.0,1.0,-1.0
407797,46.45,7.593790262650309,-1.0,-1.0,-1.0,-1.0
407798,46.1,7.2206153840956935,1.0,-1.0,1.0,-1.0
407799,46.35,7.447440505541081,-1.0,-1.0,1.0,-1.0
407800,46.34,7.41426562698647,1.0,-1.0,-1.0,-1.0
407801,46.58,7.631090748431853,1.0,-1.0,1.0,-1.0
407802,47.64,8.667915869877241,-1.0,-1.0,-1.0,-1.0
407803,47.4,8.404740991322626,-1.0,-1.0,-1.0,-1.0
407804,46.84,7.821566112768017,1.0,-1.0,1.0,-1.0
407805,46.86,7.818391234213401,-1.0,-1.0,-1.0,-1.0
407806,46.64,7.575216355658789,-1.0,-1.0,-1.0,-1.0
407807,46.25,7.162041477104175,-1.0,-1.0,-1.0,-1.0
407808,44.97,5.858866598549562,-1.0,-1.0,-1.0,-1.0
407809,44.89,5.7556917199949496,-1.0,-1.0,-1.0,-1.0
407810,43.96,4.802516841440337,1.0,-1.0,1.0,-1.0
407811,44.65,5.469341962885722,-1.0,-1.0,-1.0,-1.0
407812,44.56,5.356167084331113,1.0,-1.0,1.0,-1.0
407813,44.68,5.452992205776496,-1.0,-1.0,-1.0,-1.0
407814,44.61,5.359817327221883,1.0,-1.0,-1.0,-1.0
407815,45.12,5.846642448667268,1.0,-1.0,1.0,-1.0
407816,45.5,6.203467570112657,1.0,-1.0,1.0,-1.0
407817,45.85,6.530292691558047,-1.0,-1.0,-1.0,-1.0
407818,45.63,6.287117813003434,-1.0,-1.0,-1.0,-1.0
407819,45.18,5.813942934448818,1.0,-1.0,1.0,-1.0
407820,45.92,6.530768055894207,-1.0,-1.0,-1.0,-1.0
407821,45.5,6.087593177339593,-1.0,-1.0,-1.0,-1.0
407822,45.17,5.734418298784987,-1.0,-1.0,-1.0,1.0
407823,45.04,5.581243420230365,-1.0,-1.0,-1.0,-1.0
407824,44.96,5.4780685416757615,1.0,-1.0,1.0,-1.0
407825,45.16,5.654893663121142,-1.0,-1.0,-1.0,-1.0
407826,44.23,4.701718784566523,-1.0,-1.0,-1.0,-1.0
407827,44.09,4.538543906011924,-1.0,-1.0,-1.0,-1.0
407828,43.15,3.5753690274573064,-1.0,-1.0,1.0,-1.0
407829,42.88,3.282194148902697,1.0,-1.0,1.0,-1.0
407830,43.81,4.189019270348084,1.0,-1.0,1.0,-1.0
407831,44.08,4.4358443917934665,-1.0,-1.0,-1.0,-1.0
407832,44.0,4.332669513238855,-1.0,-1.0,-1.0,-1.0
407833,43.13,3.4394946346842445,-1.0,-1.0,-1.0,-1.0
407834,42.55,2.8363197561296265,-1.0,-1.0,-1.0,-1.0
407835,42.34,2.6031448775750192,-1.0,-1.0,-1.0,-1.0
407836,42.27,2.509969999020406,1.0,-1.0,-1.0,-1.0
407837,42.45,2.6667951204657925,1.0,-1.0,1.0,-1.0
407838,42.79,2.983620241911176,1.0,-1.0,1.0,-1.0
407839,43.24,3.410445363356565,-1.0,-1.0,-1.0,-1.0
407840,41.76,1.9072704848019484,-1.0,-1.0,-1.0,-1.0
407841,41.61,1.7340956062473367,-1.0,-1.0,-1.0,-1.0
407842,41.57,1.6709207276927245,-1.0,-1.0,-1.0,-1.0
407843,40.53,0.6077458491381122,1.0,-1.0,1.0,-1.0
407844,40.72,0.7745709705834969,-1.0,1.0,-1.0,1.0
407845,40.39,0.4213960920288855,1.0,1.0,-1.0,1.0
407846,40.98,0.9882212134742688,1.0,1.0,-1.0,1.0
407847,41.05,1.035046334919656,1.0,1.0,1.0,1.0
407848,41.67,1.6318714563650474,-1.0,-1.0,-1.0,-1.0
407849,41.6,1.538696577810434,-1.0,-1.0,-1.0,-1.0
407850,40.68,0.5955216992558192,-1.0,0.0,-1.0,-1.0
407851,40.36,0.25234682070120584,1.0,1.0,1.0,1.0
407852,40.8,0.6691719421465905,-1.0,-1.0,-1.0,-1.0
407853,40.48,0.3259970635919771,1.0,-1.0,1.0,-1.0
407854,40.91,0.7328221850373637,-1.0,-1.0,-1.0,-1.0
407855,40.69,0.4896473064827518,-1.0,-1.0,-1.0,-1.0
407856,40.07,-0.15352757207185874,-1.0,-1.0,-1.0,-1.0
407857,39.49,-0.7567024506264701,1.0,-1.0,1.0,-1.0
407858,39.88,-0.38987732918108253,-1.0,-1.0,-1.0,-1.0
407859,39.54,-0.7530522077356991,1.0,-1.0,1.0,-1.0
407860,40.45,0.13377291370969147,1.0,-1.0,1.0,-1.0
407861,40.94,0.6005980351550733,1.0,-1.0,1.0,-1.0
407862,41.58,1.2174231566004607,-1.0,-1.0,-1.0,-1.0
407863,41.03,0.6442482780458505,-1.0,-1.0,-1.0,-1.0
407864,40.56,0.15107339949123855,1.0,-1.0,1.0,-1.0
407865,41.32,0.8878985209366235,-1.0,-1.0,-1.0,-1.0
407866,40.74,0.2847236423820121,-1.0,-1.0,-1.0,-1.0
407867,39.43,-1.0484512361726033,-1.0,-1.0,-1.0,-1.0
407868,39.39,-1.1116261147272155,1.0,-1.0,1.0,-1.0
407869,39.62,-0.9048009932818316,1.0,-1.0,1.0,-1.0
407870,40.35,-0.19797587183644086,-1.0,-1.0,1.0,-1.0
407871,39.98,-0.5911507503910585,-1.0,-1.0,-1.0,-1.0
407872,39.83,-0.7643256289456701,1.0,-1.0,1.0,-1.0
407873,40.39,-0.2275005075002809,1.0,-1.0,1.0,-1.0
407874,40.96,0.31932461394510625,1.0,-1.0,1.0,-1.0
407875,42.29,1.6261497353904917,-1.0,-1.0,-1.0,-1.0
407876,42.19,1.502974856835877,-1.0,-1.0,-1.0,-1.0
407877,41.69,0.979799978281271,-1.0,-1.0,-1.0,-1.0
407878,41.44,0.7066250997266508,-1.0,-1.0,-1.0,-1.0
407879,40.67,-0.08654977882795123,1.0,-1.0,1.0,-1.0
407880,40.68,-0.0997246573825663,-1.0,-1.0,-1.0,-1.0
407881,40.45,-0.3528995359371763,-1.0,-1.0,-1.0,-1.0
407882,40.44,-0.3860744144917945,-1.0,-1.0,-1.0,-1.0
407883,39.84,-1.009249293046402,1.0,-1.0,1.0,-1.0
407884,39.9,-0.9724241716010198,-1.0,-1.0,-1.0,-1.0
407885,37.92,-2.9755990501556298,-1.0,-1.0,1.0,-1.0
407886,37.6,-3.318773928710243,-1.0,-1.0,-1.0,-1.0
407887,34.06,-6.8819488072648545,1.0,-1.0,1.0,-1.0
407888,36.4,-4.565123685819471,-1.0,-1.0,-1.0,-1.0
407889,34.37,-6.6182985643740855,1.0,-1.0,1.0,-1.0
407890,36.69,-4.321473442928698,-1.0,-1.0,-1.0,-1.0
407891,35.91,-5.124648321483313,1.0,-1.0,1.0,-1.0
407892,36.88,-4.1778232000379205,-1.0,-1.0,-1.0,-1.0
407893,36.03,-5.050998078592535,1.0,-1.0,1.0,-1.0
407894,36.57,-4.534172957147148,-1.0,-1.0,-1.0,-1.0
407895,35.19,-5.937347835701765,-1.0,-1.0,1.0,-1.0
407896,34.35,-6.800522714256374,-1.0,-1.0,-1.0,-1.0
407897,33.41,-7.763697592810992,1.0,-1.0,-1.0,-1.0
407898,34.78,-6.4168724713656005,1.0,-1.0,1.0,-1.0
407899,35.83,-5.3900473499202155,-1.0,-1.0,-1.0,-1.0
407900,35.72,-5.523222228474829,1.0,-1.0,1.0,-1.0
407901,36.21,-5.05639710702944,1.0,-1.0,1.0,-1.0
407902,37.64,-3.649571985584053,-1.0,-1.0,-1.0,-1.0
407903,37.06,-4.252746864138665,1.0,-1.0,1.0,-1.0
407904,37.56,-3.7759217426932783,-1.0,-1.0,-1.0,-1.0
407905,36.3,-5.059096621247897,-1.0,-1.0,-1.0,-1.0
407906,34.63,-6.752271499802504,-1.0,-1.0,-1.0,-1.0
407907,33.44,-7.965446378357122,1.0,-1.0,1.0,-1.0
407908,34.82,-6.608621256911732,-1.0,-1.0,-1.0,-1.0
407909,33.51,-7.9417961354663476,-1.0,-1.0,-1.0,-1.0
407910,32.08,-9.394971014020962,1.0,1.0,1.0,1.0
407911,32.42,-9.078145892575565,1.0,1.0,1.0,1.0
407912,32.49,-9.031320771130176,1.0,1.0,1.0,1.0
407913,32.8,-8.744495649684794,1.0,1.0,-1.0,1.0
407914,33.81,-7.7576705282394025,-1.0,1.0,-1.0,1.0
407915,33.43,-8.160845406794017,-1.0,1.0,-1.0,1.0
407916,32.49,-9.124020285348626,-1.0,1.0,-1.0,1.0
407917,32.25,-9.387195163903245,-1.0,1.0,-1.0,1.0
407918,30.34,-11.320370042457855,-1.0,1.0,-1.0,1.0
407919,29.27,-12.413544921012472,1.0,1.0,1.0,1.0
407920,29.59,-12.116719799567086,1.0,1.0,1.0,1.0
407921,31.65,-10.079894678121695,-1.0,1.0,-1.0,1.0
407922,31.57,-10.183069556676307,-1.0,1.0,-1.0,1.0
407923,30.47,-11.306244435230925,1.0,1.0,-1.0,1.0
407924,31.39,-10.409419313785532,-1.0,1.0,-1.0,1.0
407925,30.12,-11.702594192340147,-1.0,1.0,-1.0,1.0
407926,28.65,-13.19576907089476,1.0,1.0,-1.0,1.0
407927,30.26,-11.608943949449372,1.0,1.0,1.0,1.0
407928,30.84,-11.052118828003989,1.0,1.0,-1.0,1.0
407929,32.38,-9.535293706558598,-1.0,-1.0,-1.0,-1.0
407930,30.7,-11.238468585113212,1.0,-1.0,-1.0,-1.0
407931,32.3,-9.661643463667831,0.0,-1.0,0.0,-1.0
407932,32.3,-9.684818342222444,1.0,-1.0,1.0,-1.0
407933,33.2,-8.80799322077705,-1.0,-1.0,-1.0,1.0
407934,31.6,-10.431168099331664,1.0,-1.0,1.0,1.0
407935,31.89,-10.164342977886278,-1.0,-1.0,-1.0,1.0
407936,31.04,-11.037517856440893,1.0,-1.0,1.0,-1.0
407937,32.87,-9.230692734995507,-1.0,-1.0,-1.0,-1.0
407938,32.25,-9.873867613550116,1.0,-1.0,1.0,-1.0
407939,33.13,-9.017042492104727,1.0,-1.0,1.0,1.0
407940,33.42,-8.750217370659342,1.0,1.0,1.0,1.0
407941,34.57,-7.623392249213957,-1.0,-1.0,-1.0,-1.0
407942,33.49,-8.726567127768568,1.0,1.0,1.0,1.0
407943,34.18,-8.059742006323184,1.0,-1.0,-1.0,-1.0
407944,36.67,-5.592916884877795,1.0,-1.0,1.0,1.0
407945,36.69,-5.596091763432412,-1.0,-1.0,-1.0,-1.0
407946,34.76,-7.549266641987026,-1.0,-1.0,-1.0,1.0
407947,32.71,-9.622441520541637,1.0,-1.0,1.0,-1.0
407948,33.64,-8.715616399096247,1.0,-1.0,1.0,-1.0
407949,34.38,-7.9987912776508585,-1.0,-1.0,-1.0,-1.0
407950,33.97,-8.431966156205476,1.0,-1.0,1.0,-1.0
407951,34.24,-8.185141034760086,1.0,-1.0,1.0,-1.0
407952,35.02,-7.428315913314698,-1.0,-1.0,-1.0,-1.0
407953,32.54,-9.931490791869317,1.0,1.0,1.0,1.0
407954,32.74,-9.754665670423924,1.0,1.0,1.0,1.0
407955,33.28,-9.23784054897854,-1.0,-1.0,-1.0,-1.0
407956,32.55,-9.991015427533156,1.0,1.0,1.0,1.0
407957,32.7,-9.864190306087764,-1.0,1.0,-1.0,1.0
407958,31.47,-11.11736518464238,-1.0,1.0,-1.0,1.0
407959,30.49,-12.120540063196994,1.0,1.0,1.0,1.0
407960,30.62,-12.013714941751607,-1.0,1.0,-1.0,1.0
407961,29.91,-12.74688982030622,-1.0,1.0,-1.0,1.0
407962,29.41,-13.270064698860832,-1.0,1.0,-1.0,1.0
407963,28.38,-14.32323957741544,1.0,1.0,1.0,1.0
407964,28.48,-14.246414455970056,1.0,1.0,1.0,1.0
407965,29.16,-13.589589334524671,-1.0,1.0,-1.0,1.0
407966,28.56,-14.212764213079286,1.0,1.0,1.0,1.0
407967,30.97,-11.825939091633892,-1.0,1.0,-1.0,1.0
407968,30.46,-12.359113970188506,1.0,1.0,1.0,1.0
407969,32.33,-10.512288848743117,1.0,1.0,1.0,1.0
407970,33.51,-9.35546372729774,-1.0,1.0,-1.0,-1.0
407971,33.23,-9.658638605852351,1.0,1.0,1.0,1.0
407972,34.0,-8.911813484406958,-1.0,1.0,-1.0,1.0
407973,32.22,-10.71498836296157,1.0,1.0,-1.0,1.0
407974,33.18,-9.77816324151618,-1.0,1.0,-1.0,1.0
407975,32.04,-10.941338120070796,-1.0,1.0,-1.0,1.0
407976,31.29,-11.714512998625407,1.0,1.0,1.0,1.0
407977,31.51,-11.517687877180018,1.0,1.0,1.0,1.0
407978,31.76,-11.290862755734633,1.0,1.0,1.0,1.0
407979,31.89,-11.184037634289249,-1.0,1.0,-1.0,1.0
407980,30.7,-12.39721251284386,1.0,1.0,1.0,1.0
407981,32.21,-10.910387391398473,1.0,1.0,1.0,1.0
407982,32.32,-10.823562269953086,1.0,1.0,1.0,1.0
407983,33.45,-9.716737148507695,1.0,1.0,1.0,1.0
407984,33.57,-9.619912027062313,-1.0,1.0,-1.0,1.0
407985,33.03,-10.183086905616923,-1.0,1.0,-1.0,1.0
407986,32.65,-10.586261784171539,1.0,1.0,1.0,1.0
407987,33.42,-9.83943666272615,-1.0,1.0,-1.0,1.0
407988,33.25,-10.032611541280763,1.0,1.0,-1.0,1.0
407989,34.98,-8.32578641983538,-1.0,1.0,-1.0,1.0
407990,34.95,-8.378961298389989,1.0,1.0,1.0,1.0
407991,35.68,-7.672136176944605,-1.0,1.0,-1.0,1.0
407992,35.36,-8.015311055499218,-1.0,1.0,-1.0,1.0
407993,35.3,-8.098485934053834,1.0,1.0,1.0,1.0
407994,36.05,-7.371660812608447,1.0,1.0,1.0,1.0
407995,36.66,-6.784835691163059,1.0,1.0,1.0,1.0
407996,36.85,-6.6180105697176685,-1.0,1.0,-1.0,1.0
407997,35.92,-7.5711854482722805,-1.0,1.0,-1.0,1.0
407998,34.91,-8.6043603268269,1.0,1.0,1.0,1.0
407999,36.54,-6.997535205381503,1.0,1.0,1.0,-1.0
408000,36.93,-6.630710083936116,1.0,1.0,-1.0,1.0
408001,37.36,-6.223884962490736,1.0,1.0,1.0,1.0
408002,37.66,-5.947059841045352,0.0,1.0,0.0,1.0
408003,37.66,-5.970234719599965,-1.0,1.0,-1.0,1.0
408004,37.6,-6.053409598154566,-1.0,1.0,-1.0,1.0
408005,37.49,-6.186584476709179,-1.0,1.0,-1.0,1.0
408006,37.21,-6.489759355263794,-1.0,1.0,-1.0,1.0
408007,37.01,-6.71293423381841,1.0,1.0,1.0,1.0
408008,37.3,-6.446109112373023,1.0,1.0,1.0,1.0
408009,37.6,-6.169283990927633,-1.0,1.0,-1.0,1.0
408010,37.55,-6.242458869482249,1.0,1.0,-1.0,1.0
408011,38.28,-5.535633748036858,-1.0,1.0,-1.0,1.0
408012,38.14,-5.698808626591473,-1.0,1.0,-1.0,1.0
408013,37.87,-5.991983505146087,1.0,1.0,1.0,1.0
408014,38.3,-5.585158383700701,-1.0,1.0,-1.0,1.0
408015,37.86,-6.048333262255312,-1.0,1.0,-1.0,1.0
408016,37.61,-6.321508140809924,1.0,1.0,1.0,1.0
408017,38.3,-5.6546830193645405,-1.0,1.0,-1.0,1.0
408018,37.92,-6.057857897919148,-1.0,1.0,-1.0,1.0
408019,37.4,-6.601032776473764,1.0,1.0,-1.0,1.0
408020,38.0,-6.024207655028378,1.0,1.0,1.0,1.0
408021,38.47,-5.577382533582991,-1.0,1.0,-1.0,1.0
408022,38.46,-5.610557412137601,-1.0,1.0,-1.0,1.0
408023,38.07,-6.023732290692216,1.0,1.0,-1.0,1.0
408024,38.49,-5.626907169246827,-1.0,1.0,-1.0,1.0
408025,38.28,-5.860082047801441,1.0,1.0,1.0,1.0
408026,39.06,-5.103256926356052,1.0,1.0,1.0,1.0
408027,39.21,-4.976431804910668,1.0,1.0,1.0,1.0
408028,39.24,-4.969606683465281,1.0,1.0,1.0,1.0
408029,40.37,-3.862781562019897,1.0,1.0,1.0,1.0
408030,40.63,-3.625956440574505,-1.0,1.0,-1.0,1.0
408031,40.4,-3.8791313191291215,-1.0,1.0,-1.0,1.0
408032,39.32,-4.982306197683733,1.0,1.0,1.0,1.0
408033,39.95,-4.375481076238343,1.0,1.0,1.0,1.0
408034,40.44,-3.9086559547929625,1.0,1.0,1.0,1.0
408035,41.03,-3.3418308333475717,-1.0,1.0,1.0,1.0
408036,40.54,-3.8550057119021868,1.0,1.0,-1.0,1.0
408037,43.39,-1.0281805904567989,1.0,-1.0,1.0,-1.0
408038,43.58,-0.8613554690114142,1.0,1.0,1.0,1.0
408039,44.7,0.2354696524339772,-1.0,-1.0,-1.0,-1.0
408040,44.57,0.08229477387936157,1.0,-1.0,1.0,-1.0
408041,45.0,0.4891198953247482,1.0,-1.0,-1.0,-1.0
408042,45.38,0.8459450167701377,-1.0,-1.0,-1.0,-1.0
408043,45.12,0.5627701382155195,-1.0,-1.0,-1.0,-1.0
408044,44.65,0.06959525966090753,1.0,-1.0,1.0,-1.0
408045,45.16,0.5564203811062924,1.0,-1.0,1.0,-1.0
408046,46.17,1.5432455025516845,-1.0,-1.0,-1.0,-1.0
408047,45.89,1.2400706239970702,1.0,-1.0,1.0,-1.0
408048,46.27,1.5968957454424595,-1.0,-1.0,-1.0,-1.0
408049,45.67,0.9737208668878452,1.0,-1.0,1.0,-1.0
408050,45.98,1.2605459883332273,1.0,-1.0,1.0,-1.0
408051,46.13,1.38737110977862,-1.0,-1.0,-1.0,-1.0
408052,45.42,0.6541962312240059,-1.0,-1.0,-1.0,-1.0
408053,44.41,-0.37897864733061226,-1.0,-1.0,-1.0,-1.0
408054,44.34,-0.4721535258852114,-1.0,-1.0,-1.0,-1.0
408055,43.89,-0.9453284044398343,-1.0,-1.0,-1.0,-1.0
408056,42.96,-1.8985032829944477,1.0,-1.0,1.0,-1.0
408057,44.01,-0.8716781615490632,1.0,-1.0,1.0,-1.0
408058,44.84,-0.06485304010367088,-1.0,-1.0,-1.0,-1.0
408059,43.21,-1.7180279186582794,1.0,-1.0,1.0,-1.0
408060,43.33,-1.621202797212895,1.0,-1.0,1.0,-1.0
408061,43.9,-1.074377675767508,-1.0,-1.0,-1.0,-1.0
408062,43.29,-1.7075525543221275,-1.0,-1.0,-1.0,-1.0
408063,43.22,-1.8007274328767338,-1.0,-1.0,-1.0,-1.0
408064,42.72,-2.3239023114313464,1.0,-1.0,-1.0,-1.0
408065,42.85,-2.2170771899859574,1.0,-1.0,1.0,-1.0
408066,43.28,-1.8102520685405707,-1.0,-1.0,-1.0,-1.0
408067,43.16,-1.9534269470951884,1.0,-1.0,-1.0,-1.0
408068,43.8,-1.3366018256498011,-1.0,-1.0,-1.0,-1.0
408069,43.34,-1.819776704204408,-1.0,-1.0,-1.0,-1.0
408070,42.98,-2.202951582759028,1.0,-1.0,1.0,-1.0
408071,43.79,-1.4161264613136382,-1.0,-1.0,-1.0,-1.0
408072,43.2,-2.029301339868248,-1.0,-1.0,-1.0,-1.0
408073,43.01,-2.242476218422865,-1.0,-1.0,-1.0,-1.0
408074,41.75,-3.5256510969774766,1.0,-1.0,1.0,-1.0
408075,41.78,-3.5188259755320885,-1.0,-1.0,-1.0,-1.0
408076,41.38,-3.9420008540867,-1.0,-1.0,-1.0,-1.0
408077,40.64,-4.705175732641315,1.0,-1.0,1.0,-1.0
408078,40.74,-4.628350611195927,-1.0,-1.0,-1.0,-1.0
408079,36.96,-8.431525489750541,-1.0,-1.0,1.0,-1.0
408080,35.79,-9.624700368305156,1.0,-1.0,1.0,-1.0
408081,36.24,-9.197875246859764,-1.0,1.0,1.0,1.0
408082,35.46,-10.00105012541438,-1.0,1.0,-1.0,1.0
408083,33.93,-11.554225003968995,-1.0,1.0,-1.0,1.0
408084,33.49,-12.017399882523605,-1.0,1.0,-1.0,1.0
408085,32.51,-13.020574761078224,1.0,1.0,1.0,1.0
408086,34.01,-11.543749639632836,1.0,1.0,-1.0,-1.0
408087,34.26,-11.316924518187447,-1.0,-1.0,-1.0,-1.0
408088,33.97,-11.630099396742061,-1.0,-1.0,-1.0,-1.0
408089,33.5,-12.123274275296671,1.0,1.0,1.0,1.0
408090,33.63,-12.016449153851285,-1.0,1.0,-1.0,1.0
408091,32.96,-12.709624032405891,1.0,1.0,-1.0,1.0
408092,33.15,-12.542798910960505,-1.0,1.0,-1.0,1.0
408093,31.93,-13.785973789515126,-1.0,1.0,-1.0,1.0
408094,31.0,-14.73914866806974,1.0,1.0,1.0,1.0
408095,31.99,-13.772323546624346,1.0,1.0,1.0,1.0
408096,33.07,-12.715498425178955,-1.0,1.0,1.0,1.0
408097,32.81,-12.998673303733568,1.0,1.0,1.0,1.0
408098,33.68,-12.151848182288187,-1.0,1.0,1.0,1.0
408099,32.82,-13.035023060842805,1.0,1.0,1.0,1.0
408100,33.77,-12.108197939397408,1.0,1.0,1.0,1.0
408101,34.3,-11.601372817952026,1.0,1.0,1.0,1.0
408102,34.65,-11.274547696506634,1.0,1.0,1.0,1.0
408103,35.03,-10.917722575061248,-1.0,1.0,-1.0,1.0
408104,34.62,-11.350897453615866,1.0,1.0,1.0,1.0
408105,35.38,-10.614072332170473,1.0,1.0,1.0,1.0
408106,36.45,-9.567247210725084,-1.0,-1.0,-1.0,-1.0
408107,35.51,-10.530422089279703,1.0,1.0,1.0,1.0
408108,35.99,-10.073596967834312,-1.0,1.0,-1.0,1.0
408109,35.32,-10.766771846388929,1.0,1.0,1.0,1.0
408110,35.71,-10.39994672494354,1.0,1.0,1.0,1.0
408111,36.78,-9.353121603498153,-1.0,1.0,-1.0,1.0
408112,35.88,-10.276296482052764,-1.0,1.0,-1.0,1.0
408113,35.73,-10.449471360607383,1.0,1.0,-1.0,1.0
408114,36.28,-9.922646239161992,-1.0,1.0,-1.0,1.0
408115,35.88,-10.345821117716604,-1.0,1.0,-1.0,1.0
408116,34.38,-11.868995996271215,-1.0,1.0,-1.0,1.0
408117,33.9,-12.372170874825835,1.0,1.0,1.0,1.0
408118,33.96,-12.335345753380446,1.0,1.0,1.0,1.0
408119,34.25,-12.068520631935058,1.0,1.0,1.0,1.0
408120,34.59,-11.751695510489668,-1.0,1.0,-1.0,1.0
408121,34.04,-12.324870389044285,1.0,1.0,1.0,1.0
408122,36.07,-10.318045267598896,-1.0,1.0,-1.0,1.0
408123,35.09,-11.321220146153507,-1.0,1.0,-1.0,1.0
408124,34.99,-11.444395024708124,-1.0,1.0,-1.0,1.0
408125,34.96,-11.497569903262734,-1.0,1.0,1.0,1.0
408126,34.46,-12.020744781817351,-1.0,1.0,-1.0,1.0
408127,33.9,-12.603919660371965,1.0,1.0,-1.0,1.0
408128,34.44,-12.087094538926577,1.0,1.0,1.0,1.0
408129,34.73,-11.820269417481194,1.0,1.0,1.0,1.0
408130,35.17,-11.4034442960358,1.0,1.0,1.0,1.0
408131,35.81,-10.786619174590411,1.0,1.0,1.0,1.0
408132,36.89,-9.729794053145028,-1.0,1.0,-1.0,1.0
408133,36.14,-10.502968931699641,-1.0,1.0,-1.0,1.0
408134,36.0,-10.666143810254255,0.0,1.0,0.0,1.0
408135,36.0,-10.689318688808866,-1.0,1.0,-1.0,1.0
408136,35.17,-11.542493567363481,1.0,1.0,1.0,1.0
408137,36.09,-10.64566844591809,1.0,1.0,1.0,1.0
408138,36.3,-10.458843324472712,1.0,1.0,1.0,1.0
408139,37.01,-9.772018203027322,1.0,1.0,-1.0,1.0
408140,37.16,-9.645193081581937,-1.0,1.0,-1.0,1.0
408141,36.92,-9.908367960136543,1.0,1.0,1.0,1.0
408142,36.97,-9.88154283869116,1.0,1.0,1.0,1.0
408143,36.99,-9.884717717245769,1.0,1.0,1.0,1.0
408144,37.1,-9.797892595800382,-1.0,1.0,-1.0,1.0
408145,37.07,-9.851067474354998,1.0,1.0,1.0,1.0
408146,37.1,-9.844242352909603,-1.0,1.0,-1.0,1.0
408147,36.98,-9.987417231464226,1.0,1.0,1.0,1.0
408148,37.37,-9.62059211001884,1.0,1.0,-1.0,1.0
408149,38.04,-8.973766988573454,-1.0,1.0,-1.0,1.0
408150,37.83,-9.20694186712806,-1.0,1.0,-1.0,1.0
408151,37.23,-9.830116745682671,-1.0,1.0,-1.0,1.0
408152,37.17,-9.91329162423728,1.0,1.0,1.0,1.0
408153,37.23,-9.876466502791908,-1.0,1.0,-1.0,1.0
408154,37.13,-9.999641381346514,1.0,1.0,1.0,1.0
408155,37.3,-9.852816259901124,-1.0,1.0,-1.0,1.0
408156,36.9,-10.275991138455737,1.0,1.0,1.0,1.0
408157,37.14,-10.059166017010348,-1.0,1.0,-1.0,1.0
408158,37.01,-10.212340895564962,1.0,1.0,1.0,1.0
408159,37.11,-10.135515774119575,1.0,1.0,1.0,1.0
408160,38.69,-8.57869065267419,1.0,1.0,1.0,1.0
408161,39.3,-7.991865531228804,-1.0,1.0,-1.0,1.0
408162,38.76,-8.555040409783416,1.0,1.0,1.0,1.0
408163,39.6,-7.738215288338026,1.0,1.0,-1.0,1.0
408164,39.92,-7.4413901668926385,1.0,1.0,1.0,1.0
408165,41.4,-5.984565045447256,1.0,1.0,1.0,1.0
408166,41.57,-5.837739924001866,-1.0,-1.0,-1.0,-1.0
408167,41.19,-6.240914802556483,1.0,1.0,-1.0,1.0
408168,41.26,-6.194089681111095,1.0,1.0,1.0,1.0
408169,41.34,-6.137264559665702,-1.0,1.0,-1.0,1.0
408170,41.25,-6.250439438220319,-1.0,1.0,-1.0,1.0
408171,40.88,-6.643614316774928,1.0,1.0,1.0,1.0
408172,41.23,-6.316789195329548,-1.0,-1.0,-1.0,-1.0
408173,40.55,-7.019964073884162,-1.0,-1.0,-1.0,-1.0
408174,40.24,-7.353138952438768,1.0,1.0,1.0,1.0
408175,40.68,-6.9363138309933845,-1.0,-1.0,-1.0,-1.0
408176,40.48,-7.159488709548,1.0,-1.0,1.0,-1.0
408177,40.97,-6.692663588102612,-1.0,-1.0,-1.0,1.0
408178,40.92,-6.7658384666572156,-1.0,-1.0,-1.0,-1.0
408179,40.86,-6.84901334521183,1.0,-1.0,1.0,-1.0
408180,41.82,-5.912188223766442,-1.0,-1.0,-1.0,-1.0
408181,41.71,-6.045363102321062,-1.0,-1.0,-1.0,-1.0
408182,41.66,-6.118537980875673,-1.0,-1.0,-1.0,-1.0
408183,41.38,-6.421712859430278,1.0,-1.0,-1.0,-1.0
408184,41.77,-6.054887737984892,1.0,-1.0,1.0,-1.0
408185,42.1,-5.748062616539508,-1.0,-1.0,-1.0,-1.0
408186,41.62,-6.2512374950941245,1.0,-1.0,1.0,-1.0
408187,42.38,-5.514412373648732,1.0,-1.0,1.0,1.0
408188,42.83,-5.087587252203349,1.0,-1.0,1.0,-1.0
408189,43.32,-4.62076213075796,-1.0,-1.0,-1.0,-1.0
408190,43.01,-4.953937009312575,-1.0,-1.0,-1.0,-1.0
408191,42.32,-5.667111887867186,-1.0,-1.0,-1.0,-1.0
408192,42.09,-5.920286766421796,-1.0,-1.0,-1.0,-1.0
408193,41.33,-6.703461644976414,1.0,1.0,1.0,1.0
408194,41.71,-6.346636523531026,-1.0,1.0,-1.0,1.0
408195,41.67,-6.409811402085638,-1.0,1.0,-1.0,1.0
408196,41.16,-6.942986280640255,1.0,1.0,1.0,-1.0
408197,41.68,-6.446161159194865,1.0,1.0,1.0,1.0
408198,42.84,-5.309336037749475,-1.0,-1.0,-1.0,-1.0
408199,42.42,-5.7525109163040895,-1.0,1.0,-1.0,1.0
408200,42.27,-5.925685794858701,1.0,1.0,1.0,1.0
408201,42.88,-5.338860673413316,-1.0,1.0,-1.0,1.0
408202,40.48,-7.762035551967934,-1.0,1.0,-1.0,1.0
408203,40.4,-7.865210430522544,1.0,1.0,1.0,1.0
408204,40.62,-7.668385309077159,-1.0,1.0,-1.0,1.0
408205,40.58,-7.731560187631771,-1.0,1.0,-1.0,1.0
408206,40.04,-8.294735066186384,-1.0,1.0,-1.0,1.0
408207,39.29,-9.067909944740997,1.0,1.0,1.0,1.0
408208,39.39,-8.991084823295608,1.0,1.0,1.0,1.0
408209,39.53,-8.874259701850221,1.0,1.0,1.0,1.0
408210,40.59,-7.837434580404833,1.0,1.0,1.0,1.0
408211,40.7,-7.7506094589594445,1.0,1.0,1.0,1.0
408212,40.73,-7.743784337514064,1.0,1.0,1.0,1.0
408213,41.09,-7.406959216068671,-1.0,1.0,-1.0,1.0
408214,40.88,-7.640134094623286,-1.0,1.0,-1.0,1.0
408215,40.75,-7.7933089731779015,1.0,1.0,1.0,1.0
408216,40.83,-7.736483851732515,1.0,1.0,1.0,1.0
408217,41.22,-7.369658730287128,-1.0,1.0,-1.0,1.0
408218,41.08,-7.5328336088417425,-1.0,1.0,-1.0,1.0
408219,40.81,-7.826008487396351,-1.0,1.0,-1.0,1.0
408220,40.57,-8.089183365950966,1.0,1.0,1.0,1.0
408221,41.2,-7.482358244505576,1.0,1.0,1.0,1.0
408222,41.47,-7.235533123060192,1.0,1.0,1.0,-1.0
408223,42.56,-6.168708001614803,-1.0,1.0,-1.0,1.0
408224,42.31,-6.441882880169415,1.0,1.0,1.0,1.0
408225,42.64,-6.135057758724032,1.0,1.0,1.0,1.0
408226,42.77,-6.0282326372786414,1.0,1.0,1.0,1.0
408227,42.78,-6.0414075158332565,1.0,1.0,1.0,1.0
408228,42.81,-6.0345823943878685,1.0,1.0,1.0,1.0
408229,43.48,-5.387757272942487,1.0,1.0,1.0,1.0
408230,43.87,-5.0209321514971,-1.0,1.0,-1.0,1.0
408231,43.53,-5.38410703005171,1.0,1.0,1.0,1.0
408232,44.53,-4.407281908606323,-1.0,1.0,-1.0,1.0
408233,44.0,-4.960456787160936,-1.0,1.0,-1.0,1.0
408234,43.92,-5.063631665715548,1.0,1.0,1.0,1.0
408235,43.96,-5.0468065442701615,-1.0,1.0,-1.0,1.0
408236,43.63,-5.399981422824774,-1.0,1.0,-1.0,1.0
408237,43.24,-5.8131563013793865,1.0,1.0,1.0,1.0
408238,43.97,-5.106331179934003,1.0,1.0,1.0,1.0
408239,44.66,-4.439506058488618,-1.0,1.0,-1.0,1.0
408240,44.57,-4.552680937043228,1.0,1.0,1.0,1.0
408241,45.36,-3.7858558155978415,1.0,1.0,1.0,1.0
408242,45.41,-3.7590306941524494,1.0,1.0,1.0,1.0
408243,45.5,-3.692205572707067,-1.0,1.0,1.0,1.0
408244,45.47,-3.745380451261681,1.0,1.0,1.0,1.0
408245,46.15,-3.0885553298162947,-1.0,1.0,1.0,1.0
408246,46.14,-3.1217302083708987,-1.0,1.0,-1.0,1.0
408247,45.88,-3.4049050869255097,1.0,1.0,1.0,1.0
408248,46.35,-2.958079965480124,1.0,1.0,1.0,1.0
408249,46.82,-2.5112548440347453,-1.0,1.0,-1.0,1.0
408250,46.44,-2.914429722589361,1.0,1.0,1.0,1.0
408251,46.46,-2.917604601143964,1.0,1.0,1.0,1.0
408252,46.54,-2.8607794796985786,-1.0,1.0,1.0,1.0
408253,46.23,-3.193954358253194,1.0,1.0,1.0,1.0
408254,46.37,-3.0771292368078065,1.0,1.0,-1.0,1.0
408255,47.16,-2.3103041153624204,-1.0,1.0,-1.0,1.0
408256,46.64,-2.853478993917029,1.0,1.0,1.0,1.0
408257,47.12,-2.3966538724716457,1.0,1.0,1.0,1.0
408258,47.13,-2.4098287510262537,-1.0,1.0,1.0,1.0
408259,47.05,-2.513003629580872,1.0,1.0,1.0,1.0
408260,47.85,-1.7361785081354808,-1.0,1.0,-1.0,1.0
408261,47.68,-1.929353386690096,1.0,1.0,1.0,1.0
408262,48.79,-0.8425282652447095,-1.0,1.0,-1.0,1.0
408263,48.61,-1.0457031437993225,-1.0,-1.0,-1.0,-1.0
408264,48.23,-1.4488780223539381,1.0,1.0,1.0,1.0
408265,48.63,-1.0720529009085382,1.0,-1.0,1.0,-1.0
408266,48.66,-1.0652277794631644,1.0,-1.0,1.0,-1.0
408267,49.14,-0.6084026580177735,-1.0,-1.0,-1.0,-1.0
408268,48.68,-1.0915775365723874,1.0,-1.0,1.0,-1.0
408269,49.22,-0.5747524151269943,-1.0,-1.0,-1.0,-1.0
408270,48.88,-0.9379272936816035,1.0,-1.0,1.0,-1.0
408271,49.45,-0.3911021722362165,-1.0,-1.0,-1.0,-1.0
408272,48.61,-1.25427705079084,-1.0,-1.0,-1.0,-1.0
408273,48.25,-1.6374519293454526,1.0,-1.0,1.0,-1.0
408274,48.91,-1.000626807900062,-1.0,-1.0,-1.0,-1.0
408275,47.7,-2.233801686454669,-1.0,1.0,-1.0,1.0
408276,47.6,-2.3569765650092838,1.0,1.0,1.0,1.0
408277,49.28,-0.7001514435638967,-1.0,1.0,-1.0,1.0
408278,48.92,-1.0833263221185092,-1.0,1.0,-1.0,-1.0
408279,48.91,-1.1165012006731274,1.0,-1.0,1.0,-1.0
408280,49.1,-0.9496760792277356,1.0,-1.0,1.0,-1.0
408281,49.49,-0.5828509577823482,1.0,-1.0,-1.0,-1.0
408282,50.03,-0.06602583633696213,1.0,-1.0,-1.0,-1.0
408283,50.63,0.5107992851084262,-1.0,-1.0,-1.0,-1.0
408284,50.2,0.0576244065538134,1.0,-1.0,1.0,-1.0
408285,50.48,0.31444952799919434,-1.0,-1.0,-1.0,-1.0
408286,50.28,0.09127464944458552,-1.0,-1.0,-1.0,-1.0
408287,50.16,-0.051900229110032114,1.0,-1.0,1.0,-1.0
408288,51.0,0.7649248923353582,-1.0,-1.0,-1.0,-1.0
408289,50.02,-0.2382499862192517,-1.0,-1.0,1.0,-1.0
408290,49.51,-0.77142486477387,-1.0,-1.0,-1.0,-1.0
408291,49.2,-1.1045997433284782,-1.0,-1.0,-1.0,-1.0
408292,49.12,-1.2077746218830967,-1.0,-1.0,-1.0,-1.0
408293,48.35,-2.0009495004377063,1.0,-1.0,1.0,1.0
408294,48.78,-1.5941243789923192,-1.0,-1.0,-1.0,-1.0
408295,48.52,-1.8772992575469305,1.0,1.0,1.0,1.0
408296,48.64,-1.780474136101546,-1.0,1.0,-1.0,1.0
408297,47.77,-2.6736490146561565,-1.0,1.0,-1.0,1.0
408298,47.46,-3.006823893210772,1.0,1.0,1.0,1.0
408299,47.83,-2.6599987717653875,1.0,1.0,1.0,1.0
408300,48.28,-2.2331736503199977,-1.0,1.0,-1.0,1.0
408301,46.85,-3.6863485288746105,1.0,1.0,1.0,1.0
408302,47.49,-3.069523407429223,1.0,1.0,1.0,1.0
408303,47.91,-2.672698285983841,1.0,1.0,-1.0,1.0
408304,48.58,-2.0258731645384533,1.0,1.0,-1.0,1.0
408305,48.68,-1.9490480430930648,1.0,1.0,1.0,1.0
408306,49.25,-1.4022229216476774,1.0,1.0,1.0,1.0
408307,49.31,-1.3653978002022882,-1.0,1.0,-1.0,1.0
408308,49.01,-1.6885726787569055,-1.0,1.0,-1.0,1.0
408309,47.93,-2.791747557311517,1.0,1.0,1.0,1.0
408310,48.49,-2.254922435866128,-1.0,1.0,-1.0,1.0
408311,46.79,-3.978097314420744,-1.0,1.0,-1.0,1.0
408312,46.64,-4.151272192975354,1.0,1.0,1.0,1.0
408313,47.23,-3.584447071529972,1.0,1.0,-1.0,1.0
408314,47.35,-3.4876219500845806,1.0,1.0,1.0,1.0
408315,48.17,-2.690796828639193,1.0,1.0,1.0,1.0
408316,48.72,-2.1639717071938094,1.0,1.0,1.0,1.0
408317,49.0,-1.907146585748421,-1.0,1.0,-1.0,1.0
408318,48.88,-2.050321464303032,1.0,1.0,1.0,1.0
408319,48.92,-2.0334963428576462,1.0,1.0,1.0,1.0
408320,49.01,-1.9666712214122624,-1.0,1.0,1.0,1.0
408321,48.01,-2.989846099966876,1.0,1.0,1.0,1.0
408322,48.08,-2.9430209785214885,-1.0,1.0,-1.0,1.0
408323,47.57,-3.4761958570761,1.0,1.0,-1.0,1.0
408324,48.18,-2.889370735630713,1.0,1.0,1.0,1.0
408325,49.14,-1.9525456141853252,1.0,1.0,1.0,1.0
408326,49.76,-1.3557204927399409,-1.0,1.0,-1.0,1.0
408327,49.04,-2.098895371294553,-1.0,1.0,-1.0,1.0
408328,48.96,-2.2020702498491644,1.0,1.0,1.0,1.0
408329,49.67,-1.515245128403777,1.0,1.0,1.0,1.0
408330,50.23,-0.9784200069583946,1.0,1.0,1.0,1.0
408331,51.09,-0.14159488551300115,-1.0,1.0,-1.0,1.0
408332,50.97,-0.2847697640676188,1.0,1.0,1.0,1.0
408333,52.3,1.0220553573777735,-1.0,1.0,-1.0,1.0
408334,52.29,0.9888804788231552,1.0,1.0,1.0,1.0
408335,53.02,1.6957056002685462,1.0,-1.0,-1.0,-1.0
408336,53.63,2.282530721713933,-1.0,1.0,-1.0,1.0
408337,53.35,1.9793558431593183,1.0,1.0,1.0,1.0
408338,53.66,2.2661809646047075,1.0,1.0,1.0,1.0
408339,54.6,3.1830060860500997,1.0,1.0,1.0,-1.0
408340,54.67,3.2298312074954865,1.0,1.0,1.0,1.0
408341,55.62,4.156656328940862,-1.0,-1.0,-1.0,-1.0
408342,54.59,3.103481450386262,-1.0,1.0,1.0,1.0
408343,54.49,2.9803065718316475,-1.0,1.0,-1.0,-1.0
408344,54.04,2.507131693277032,-1.0,1.0,-1.0,1.0
408345,53.03,1.4739568147224205,1.0,1.0,1.0,1.0
408346,53.5,1.9207819361678065,1.0,1.0,1.0,1.0
408347,54.27,2.6676070576131963,1.0,1.0,1.0,1.0
408348,54.36,2.7344321790585795,-1.0,1.0,-1.0,1.0
408349,53.49,1.841257300503969,-1.0,1.0,-1.0,1.0
408350,53.18,1.5080824219493536,1.0,1.0,1.0,1.0
408351,54.17,2.4749075433947425,-1.0,1.0,-1.0,1.0
408352,53.13,1.4117326648401305,1.0,1.0,1.0,1.0
408353,53.85,2.1085577862855156,1.0,1.0,1.0,1.0
408354,54.11,2.345382907730901,-1.0,1.0,-1.0,1.0
408355,53.55,1.7622080291762856,-1.0,1.0,-1.0,1.0
408356,52.48,0.6690331506216793,-1.0,1.0,-1.0,1.0
408357,51.96,0.12585827206706313,-1.0,1.0,-1.0,1.0
408358,50.92,-0.9373166064875492,1.0,1.0,1.0,1.0
408359,52.08,0.1995085149578344,1.0,1.0,1.0,1.0
408360,52.5,0.596333636403223,1.0,1.0,1.0,1.0
408361,53.15,1.2231587578486156,-1.0,1.0,-1.0,1.0
408362,52.79,0.8399838792940031,-1.0,1.0,-1.0,1.0
408363,52.49,0.5168090007393928,1.0,1.0,1.0,1.0
408364,52.8,0.8036341221847678,-1.0,1.0,-1.0,1.0
408365,52.77,0.7504592436301678,1.0,1.0,-1.0,1.0
408366,53.99,1.9472843650755536,1.0,-1.0,1.0,-1.0
408367,54.7,2.6341094865209413,1.0,-1.0,1.0,-1.0
408368,54.89,2.800934607966326,-1.0,-1.0,-1.0,-1.0
408369,54.83,2.71775972941171,1.0,-1.0,1.0,-1.0
408370,55.14,3.0045848508571,-1.0,-1.0,-1.0,-1.0
408371,54.97,2.811409972302485,-1.0,-1.0,1.0,-1.0
408372,54.89,2.7082350937478736,1.0,-1.0,1.0,-1.0
408373,55.01,2.8050602151932584,1.0,-1.0,1.0,-1.0
408374,55.27,3.0418853366386496,1.0,-1.0,1.0,-1.0
408375,56.37,4.118710458084031,-1.0,-1.0,-1.0,-1.0
408376,56.16,3.885535579529417,1.0,-1.0,1.0,1.0
408377,56.56,4.26236070097481,1.0,-1.0,1.0,-1.0
408378,56.67,4.349185822420196,-1.0,-1.0,-1.0,-1.0
408379,56.63,4.286010943865584,-1.0,-1.0,-1.0,-1.0
408380,56.5,4.132836065310968,-1.0,-1.0,-1.0,-1.0
408381,56.05,3.659661186756352,-1.0,-1.0,-1.0,-1.0
408382,55.69,3.2764863082017404,-1.0,-1.0,-1.0,-1.0
408383,55.33,2.8933114296471274,1.0,-1.0,-1.0,-1.0
408384,55.73,3.2701365510925133,1.0,-1.0,-1.0,-1.0
408385,56.54,4.056961672537902,-1.0,-1.0,-1.0,-1.0
408386,56.49,3.983786793983292,-1.0,-1.0,-1.0,-1.0
408387,56.1,3.570611915428678,-1.0,-1.0,-1.0,-1.0
408388,55.49,2.9374370368740657,-1.0,-1.0,-1.0,-1.0
408389,55.3,2.724262158319448,-1.0,-1.0,-1.0,-1.0
408390,54.83,2.231087279764836,-1.0,-1.0,-1.0,-1.0
408391,54.52,1.8979124012102275,-1.0,-1.0,-1.0,-1.0
408392,54.09,1.4447375226556147,1.0,-1.0,1.0,-1.0
408393,54.29,1.6215626441009974,-1.0,-1.0,-1.0,-1.0
408394,54.15,1.4583877655463835,-1.0,-1.0,-1.0,1.0
408395,53.29,0.5752128869917712,0.0,-1.0,0.0,1.0
408396,53.29,0.5520380084371581,-1.0,-1.0,-1.0,-1.0
408397,51.83,-0.9311368701174558,1.0,1.0,1.0,1.0
408398,52.12,-0.6643117486720698,-1.0,-1.0,-1.0,1.0
408399,51.63,-1.1774866272266775,1.0,1.0,1.0,1.0
408400,52.21,-0.6206615057812925,1.0,1.0,1.0,1.0
408401,52.32,-0.5338363843359062,-1.0,-1.0,-1.0,-1.0
408402,51.8,-1.0770112628905224,-1.0,-1.0,-1.0,1.0
408403,50.6,-2.3001861414451312,-1.0,1.0,-1.0,1.0
408404,50.58,-2.3433610199997474,1.0,1.0,1.0,1.0
408405,50.7,-2.246535898554356,-1.0,1.0,-1.0,1.0
408406,50.53,-2.4397107771089708,1.0,1.0,1.0,1.0
408407,51.13,-1.8628856556635824,1.0,1.0,1.0,1.0
408408,51.87,-1.1460605342182006,1.0,1.0,1.0,1.0
408409,52.11,-0.9292354127728116,1.0,1.0,1.0,1.0
408410,52.56,-0.502410291327422,1.0,1.0,1.0,1.0
408411,52.86,-0.2255851698820379,1.0,1.0,-1.0,1.0
408412,53.67,0.5612399515633513,-1.0,-1.0,-1.0,-1.0
408413,53.26,0.1280650730087345,-1.0,-1.0,-1.0,-1.0
408414,52.24,-0.9151098055458746,1.0,1.0,-1.0,1.0
408415,52.59,-0.5882846841004863,1.0,1.0,1.0,1.0
408416,53.14,-0.061459562655102225,-1.0,-1.0,-1.0,-1.0
408417,53.09,-0.13463444120971246,1.0,-1.0,1.0,-1.0
408418,53.41,0.16219068023566766,-1.0,-1.0,-1.0,-1.0
408419,52.75,-0.520984198318942,1.0,-1.0,1.0,-1.0
408420,52.8,-0.49415907687355803,-1.0,-1.0,-1.0,-1.0
408421,51.46,-1.8573339554281676,-1.0,1.0,-1.0,1.0
408422,50.32,-3.020508833982781,1.0,1.0,1.0,1.0
408423,51.7,-1.6636837125373845,1.0,1.0,1.0,1.0
408424,51.89,-1.4968585910919998,1.0,-1.0,-1.0,-1.0
408425,52.24,-1.1700334696466117,-1.0,1.0,-1.0,1.0
408426,51.69,-1.743208348201236,1.0,1.0,1.0,1.0
408427,51.96,-1.496383226755846,1.0,1.0,1.0,1.0
408428,52.09,-1.3895581053104564,-1.0,1.0,-1.0,1.0
408429,51.94,-1.5627329838650752,1.0,1.0,1.0,1.0
408430,52.67,-0.8559078624196843,-1.0,1.0,-1.0,1.0
408431,51.83,-1.7190827409743008,-1.0,1.0,-1.0,1.0
408432,50.87,-2.702257619528908,-1.0,1.0,-1.0,1.0
408433,50.75,-2.845432498083518,1.0,1.0,1.0,1.0
408434,52.52,-1.098607376638128,-1.0,1.0,-1.0,1.0
408435,52.51,-1.1317822551927463,1.0,1.0,1.0,1.0
408436,52.71,-0.9549571337473566,-1.0,1.0,-1.0,1.0
408437,52.31,-1.3781320123019682,1.0,1.0,1.0,1.0
408438,54.0,0.2886931091434164,1.0,1.0,1.0,1.0
408439,54.21,0.475518230588797,1.0,1.0,1.0,1.0
408440,54.3,0.5423433520341803,-1.0,1.0,-1.0,1.0
408441,54.27,0.4891684734795874,-1.0,1.0,-1.0,1.0
408442,53.62,-0.1840064050750314,-1.0,1.0,-1.0,1.0
408443,52.75,-1.077181283629649,-1.0,1.0,-1.0,1.0
408444,52.48,-1.3703561621842653,1.0,1.0,1.0,1.0
408445,52.77,-1.103531040738872,-1.0,1.0,-1.0,1.0
408446,52.68,-1.2167059192934886,1.0,1.0,1.0,1.0
408447,52.73,-1.1898807978481043,-1.0,1.0,-1.0,1.0
408448,52.6,-1.3430556764027128,-1.0,1.0,-1.0,1.0
408449,51.54,-2.4262305549573284,1.0,1.0,1.0,1.0
408450,52.51,-1.4794054335119355,-1.0,1.0,-1.0,1.0
408451,52.04,-1.9725803120665475,-1.0,1.0,-1.0,1.0
408452,51.95,-2.085755190621157,1.0,1.0,-1.0,1.0
408453,52.1,-1.9589300691757716,-1.0,1.0,-1.0,1.0
408454,51.65,-2.4321049477303878,1.0,1.0,1.0,1.0
408455,53.96,-0.14527982628499814,1.0,1.0,1.0,1.0
408456,54.1,-0.02845470483961776,-1.0,1.0,-1.0,1.0
408457,53.97,-0.1816295833942334,1.0,1.0,1.0,1.0
408458,54.14,-0.03480446194884479,1.0,1.0,1.0,1.0
408459,54.4,0.20202065949654724,1.0,1.0,1.0,1.0
408460,54.87,0.6488457809419329,1.0,1.0,1.0,1.0
408461,55.74,1.4956709023873245,1.0,1.0,1.0,1.0
408462,56.15,1.882496023832708,-1.0,1.0,-1.0,1.0
408463,56.1,1.8093211452780975,1.0,1.0,1.0,1.0
408464,57.22,2.906146266723482,1.0,1.0,-1.0,1.0
408465,57.46,3.122971388168871,1.0,1.0,1.0,1.0
408466,57.65,3.289796509614256,-1.0,1.0,-1.0,1.0
408467,57.17,2.7866216310596457,1.0,1.0,1.0,1.0
408468,57.48,3.073446752505028,-1.0,1.0,-1.0,1.0
408469,57.22,2.7902718739504166,-1.0,1.0,-1.0,-1.0
408470,56.98,2.5270969953958016,-1.0,1.0,-1.0,1.0
408471,56.86,2.383922116841191,1.0,1.0,-1.0,1.0
408472,57.19,2.690747238286576,-1.0,1.0,-1.0,1.0
408473,55.82,1.2975723597319655,1.0,1.0,1.0,1.0
408474,56.06,1.5143974811773546,1.0,1.0,1.0,1.0
408475,56.51,1.9412226026227373,1.0,-1.0,1.0,-1.0
408476,56.7,2.108047724068129,-1.0,-1.0,-1.0,-1.0
408477,56.07,1.4548728455135134,1.0,-1.0,1.0,-1.0
408478,56.31,1.6716979669589025,-1.0,-1.0,-1.0,-1.0
408479,56.17,1.5085230884042886,1.0,-1.0,1.0,-1.0
408480,56.42,1.7353482098496755,-1.0,-1.0,-1.0,-1.0
408481,55.72,1.0121733312950596,1.0,-1.0,1.0,1.0
408482,57.24,2.5089984527404496,-1.0,-1.0,-1.0,-1.0
408483,57.23,2.4758235741858314,1.0,-1.0,1.0,-1.0
408484,57.7,2.9226486956312243,1.0,-1.0,1.0,-1.0
408485,58.24,3.4394738170766104,1.0,-1.0,1.0,-1.0
408486,58.25,3.4262989385219957,-1.0,-1.0,-1.0,-1.0
408487,58.2,3.353124059967385,-1.0,-1.0,-1.0,-1.0
408488,58.14,3.2699491814127697,-1.0,-1.0,-1.0,-1.0
408489,57.95,3.056774302858159,1.0,-1.0,-1.0,-1.0
408490,58.48,3.56359942430354,-1.0,-1.0,-1.0,-1.0
408491,58.21,3.2704245457489307,1.0,-1.0,1.0,-1.0
408492,58.66,3.697249667194314,1.0,-1.0,1.0,-1.0
408493,59.0,4.014074788639704,-1.0,-1.0,-1.0,-1.0
408494,58.32,3.3108999100850918,1.0,-1.0,1.0,-1.0
408495,58.87,3.837725031530475,-1.0,-1.0,-1.0,-1.0
408496,58.76,3.7045501529758624,-1.0,-1.0,-1.0,-1.0
408497,58.49,3.4113752744212533,-1.0,-1.0,-1.0,-1.0
408498,57.7,2.598200395866641,1.0,-1.0,1.0,-1.0
408499,57.74,2.6150255173120267,1.0,-1.0,1.0,-1.0
408500,59.49,4.341850638757414,-1.0,-1.0,1.0,-1.0
408501,58.99,3.8186757602028014,-1.0,-1.0,-1.0,-1.0
408502,58.11,2.9155008816481853,1.0,-1.0,1.0,-1.0
408503,58.17,2.9523260030935745,-1.0,-1.0,1.0,-1.0
408504,57.59,2.3491511245389627,-1.0,1.0,-1.0,1.0
408505,56.47,1.2059762459843455,-1.0,1.0,1.0,1.0
408506,55.09,-0.19719863257026304,0.0,1.0,0.0,1.0
408507,55.09,-0.22037351112487613,1.0,1.0,-1.0,1.0
408508,55.74,0.40645161032050936,-1.0,1.0,-1.0,1.0
408509,55.53,0.17327673176589542,1.0,1.0,1.0,1.0
408510,56.0,0.6201018532112812,-1.0,1.0,-1.0,1.0
408511,55.36,-0.04307302534333246,-1.0,1.0,-1.0,1.0
408512,54.31,-1.1162479038979427,1.0,1.0,1.0,1.0
408513,54.95,-0.4994227824525552,1.0,1.0,1.0,1.0
408514,55.21,-0.2625976610071632,1.0,1.0,1.0,1.0
408515,56.48,0.9842274604382196,1.0,1.0,-1.0,1.0
408516,56.62,1.1010525818836072,1.0,1.0,1.0,1.0
408517,56.74,1.197877703328999,1.0,1.0,-1.0,1.0
408518,57.43,1.864702824774376,1.0,1.0,1.0,1.0
408519,57.52,1.9315279462197663,1.0,1.0,1.0,1.0
408520,58.03,2.4183530676651515,1.0,1.0,1.0,1.0
408521,58.15,2.5151781891105363,1.0,1.0,1.0,1.0
408522,58.49,2.8320033105559266,-1.0,1.0,-1.0,1.0
408523,57.26,1.5788284320013162,1.0,1.0,-1.0,-1.0
408524,57.58,1.8756535534467036,1.0,1.0,1.0,1.0
408525,57.61,1.8824786748920916,1.0,1.0,1.0,1.0
408526,58.03,2.27930379633748,-1.0,1.0,-1.0,1.0
408527,57.03,1.256128917782867,-1.0,1.0,-1.0,1.0
408528,56.75,0.9529540392282528,-1.0,1.0,-1.0,1.0
408529,56.69,0.8697791606736374,1.0,1.0,1.0,1.0
408530,56.82,0.9766042821190268,-1.0,-1.0,-1.0,-1.0
408531,56.21,0.3434294035644072,1.0,-1.0,1.0,-1.0
408532,57.26,1.3702545250098055,1.0,-1.0,1.0,-1.0
408533,58.16,2.247079646455191,1.0,-1.0,1.0,-1.0
408534,58.9,2.9639047679005732,1.0,-1.0,1.0,-1.0
408535,59.4,3.44072988934596,-1.0,-1.0,-1.0,-1.0
408536,59.2,3.2175550107913513,-1.0,-1.0,-1.0,-1.0
408537,58.19,2.1843801322367327,-1.0,-1.0,-1.0,-1.0
408538,57.92,1.891205253682124,-1.0,-1.0,-1.0,-1.0
408539,57.42,1.3680303751275105,-1.0,-1.0,-1.0,-1.0
408540,56.8,0.7248554965728928,1.0,-1.0,1.0,1.0
408541,57.58,1.4816806180182809,1.0,-1.0,1.0,-1.0
408542,58.06,1.9385057394636789,1.0,-1.0,1.0,-1.0
408543,58.3,2.1553308609090607,1.0,-1.0,1.0,-1.0
408544,60.11,3.9421559823544503,1.0,-1.0,1.0,-1.0
408545,60.17,3.978981103799839,1.0,-1.0,1.0,-1.0
408546,61.07,4.8558062252452245,-1.0,-1.0,-1.0,-1.0
408547,60.93,4.692631346690604,-1.0,-1.0,-1.0,-1.0
408548,59.9,3.6394564681359896,1.0,-1.0,1.0,-1.0
408549,59.92,3.63628158958138,1.0,-1.0,1.0,-1.0
408550,60.04,3.733106711026764,1.0,-1.0,1.0,-1.0
408551,60.71,4.37993183247216,-1.0,-1.0,-1.0,-1.0
408552,60.67,4.3167569539175465,-1.0,-1.0,-1.0,-1.0
408553,60.48,4.1035820753629295,1.0,-1.0,1.0,-1.0
408554,60.66,4.260407196808316,-1.0,-1.0,-1.0,-1.0
408555,59.81,3.3872323182537087,-1.0,-1.0,-1.0,-1.0
408556,59.0,2.5540574396990934,-1.0,-1.0,-1.0,-1.0
408557,58.85,2.3808825611444817,1.0,-1.0,1.0,-1.0
408558,59.27,2.7777076825898703,-1.0,-1.0,-1.0,-1.0
408559,57.4,0.8845328040352527,-1.0,-1.0,1.0,1.0
408560,55.3,-1.2386420745193618,-1.0,-1.0,1.0,-1.0
408561,54.96,-1.6018169530739712,-1.0,1.0,-1.0,1.0
408562,54.8,-1.7849918316285882,1.0,1.0,1.0,1.0
408563,55.26,-1.3481667101832002,-1.0,1.0,-1.0,1.0
408564,55.22,-1.4113415887378125,-1.0,1.0,-1.0,1.0
408565,55.03,-1.6245164672924233,1.0,1.0,1.0,1.0
408566,55.81,-0.8676913458470352,1.0,-1.0,1.0,-1.0
408567,56.05,-0.6508662244016534,1.0,1.0,1.0,1.0
408568,56.19,-0.534041102956266,-1.0,1.0,-1.0,1.0
408569,55.7,-1.0472159815108741,-1.0,1.0,-1.0,1.0
408570,55.49,-1.280390860065488,1.0,1.0,1.0,1.0
408571,56.1,-0.6935657386201015,-1.0,1.0,-1.0,1.0
408572,55.98,-0.8367406171747191,-1.0,1.0,-1.0,1.0
408573,55.72,-1.1199154957293302,-1.0,1.0,-1.0,1.0
408574,55.58,-1.2830903742839441,-1.0,1.0,-1.0,1.0
408575,54.22,-2.6662652528385564,-1.0,1.0,1.0,1.0
408576,53.34,-3.569440131393165,1.0,1.0,1.0,1.0
408577,54.05,-2.8826150099477843,1.0,1.0,1.0,1.0
408578,54.36,-2.595789888502395,-1.0,1.0,-1.0,1.0
408579,54.01,-2.9689647670570096,1.0,1.0,1.0,1.0
408580,54.65,-2.352139645611622,-1.0,1.0,-1.0,1.0
408581,54.62,-2.4053145241662364,-1.0,1.0,-1.0,1.0
408582,54.36,-2.6884894027208475,-1.0,1.0,-1.0,1.0
408583,53.51,-3.561664281275462,-1.0,1.0,-1.0,1.0
408584,53.31,-3.7848391598300712,1.0,1.0,1.0,1.0
408585,53.83,-3.288014038384688,-1.0,1.0,-1.0,1.0
408586,53.72,-3.4211889169393004,1.0,1.0,1.0,1.0
408587,54.12,-3.044363795493915,1.0,1.0,1.0,1.0
408588,54.55,-2.6375386740485283,-1.0,1.0,-1.0,1.0
408589,54.53,-2.6807135526031374,1.0,1.0,-1.0,1.0
408590,55.14,-2.093888431157751,1.0,1.0,1.0,1.0
408591,55.45,-1.8070633097123616,1.0,1.0,-1.0,1.0
408592,55.72,-1.560238188266979,-1.0,1.0,-1.0,1.0
408593,55.57,-1.7334130668215906,-1.0,1.0,-1.0,1.0
408594,55.35,-1.9765879453762023,1.0,1.0,1.0,1.0
408595,55.6,-1.7497628239308156,1.0,1.0,1.0,1.0
408596,55.68,-1.6929377024854233,1.0,1.0,1.0,1.0
408597,56.63,-0.7661125810400407,1.0,1.0,1.0,1.0
408598,56.97,-0.44928745959465743,1.0,1.0,1.0,1.0
408599,57.42,-0.02246233814926768,1.0,1.0,1.0,1.0
408600,57.9,0.4343627832961161,-1.0,1.0,-1.0,1.0
408601,57.27,-0.21881209525849246,-1.0,1.0,-1.0,1.0
408602,57.04,-0.4719869738131095,0.0,1.0,-1.0,1.0
408603,57.04,-0.4951618523677226,-1.0,1.0,-1.0,1.0
408604,56.87,-0.6883367309223374,1.0,1.0,1.0,1.0
408605,57.42,-0.1615116094769462,1.0,1.0,1.0,1.0
408606,57.78,0.17531351196844724,-1.0,-1.0,1.0,-1.0
408607,57.3,-0.3278613665861698,1.0,-1.0,1.0,-1.0
408608,57.55,-0.10103624514078292,1.0,-1.0,1.0,-1.0
408609,58.19,0.5157888763046046,-1.0,-1.0,-1.0,-1.0
408610,57.42,-0.27738600225001164,1.0,-1.0,1.0,-1.0
408611,57.53,-0.1905608808046253,-1.0,-1.0,1.0,-1.0
408612,57.39,-0.3537357593592389,1.0,-1.0,-1.0,-1.0
408613,57.53,-0.2369106379138515,1.0,-1.0,1.0,-1.0
408614,57.62,-0.17008551646846826,-1.0,-1.0,-1.0,-1.0
408615,57.57,-0.2432603950230714,-1.0,-1.0,-1.0,-1.0
408616,56.97,-0.8664352735776859,1.0,1.0,-1.0,1.0
408617,57.05,-0.8096101521323007,-1.0,-1.0,-1.0,-1.0
408618,56.67,-1.2127850306869092,-1.0,1.0,-1.0,1.0
408619,55.76,-2.145959909241526,1.0,1.0,1.0,1.0
408620,56.02,-1.909134787796134,-1.0,1.0,-1.0,1.0
408621,55.56,-2.392309666350748,1.0,1.0,1.0,1.0
408622,55.8,-2.175484544905366,1.0,1.0,1.0,1.0
408623,56.29,-1.7086594234599843,1.0,1.0,1.0,1.0
408624,58.27,0.2481656979854208,1.0,1.0,1.0,1.0
408625,58.71,0.6649908194308054,-1.0,1.0,-1.0,1.0
408626,57.86,-0.2081840591238162,1.0,1.0,1.0,1.0
408627,58.23,0.13864106232156814,1.0,1.0,1.0,1.0
408628,58.24,0.12546618376696014,1.0,1.0,1.0,1.0
408629,58.67,0.5322913052123468,1.0,1.0,1.0,1.0
408630,59.0,0.8391164266577321,1.0,1.0,1.0,1.0
408631,59.17,0.9859415481031206,-1.0,1.0,-1.0,1.0
408632,59.01,0.8027666695485038,1.0,1.0,1.0,1.0
408633,59.19,0.9595917909938976,-1.0,-1.0,-1.0,-1.0
408634,58.64,0.3864169124392873,1.0,1.0,1.0,1.0
408635,58.91,0.6332420338846703,-1.0,1.0,-1.0,-1.0
408636,57.67,-0.6299328446699377,-1.0,1.0,-1.0,1.0
408637,56.48,-1.843107723224556,1.0,1.0,1.0,1.0
408638,56.65,-1.696282601779167,-1.0,1.0,1.0,1.0
408639,56.06,-2.3094574803337835,1.0,1.0,1.0,1.0
408640,56.23,-2.162632358888402,-1.0,1.0,1.0,1.0
408641,55.91,-2.505807237443016,1.0,1.0,1.0,1.0
408642,56.34,-2.0989821159976145,-1.0,1.0,-1.0,1.0
408643,56.32,-2.1421569945522307,1.0,1.0,1.0,1.0
408644,56.35,-2.1353318731068427,1.0,1.0,1.0,1.0
408645,56.72,-1.7885067516614583,1.0,1.0,1.0,1.0
408646,56.98,-1.5516816302160734,-1.0,1.0,-1.0,1.0
408647,56.75,-1.8048565087706836,1.0,1.0,-1.0,1.0
408648,57.23,-1.3480313873252996,1.0,1.0,1.0,1.0
408649,57.56,-1.0412062658799073,1.0,1.0,-1.0,1.0
408650,57.64,-0.984381144434522,1.0,1.0,1.0,1.0
408651,58.5,-0.14755602298913573,-1.0,1.0,-1.0,1.0
408652,58.49,-0.1807309015437468,1.0,1.0,1.0,1.0
408653,59.34,0.6460942199016415,1.0,-1.0,1.0,-1.0
408654,59.74,1.022919341347027,-1.0,1.0,-1.0,1.0
408655,59.59,0.8497444627924153,-1.0,-1.0,-1.0,-1.0
408656,59.16,0.3965695842377954,1.0,-1.0,1.0,-1.0
408657,59.45,0.6633947056831886,1.0,-1.0,1.0,-1.0
408658,59.67,0.8602198271285744,1.0,-1.0,1.0,-1.0
408659,59.7,0.8670449485739624,1.0,-1.0,1.0,-1.0
408660,59.71,0.8538700700193473,1.0,-1.0,1.0,-1.0
408661,59.91,1.03069519146473,-1.0,-1.0,-1.0,-1.0
408662,59.89,0.9875203129101208,-1.0,-1.0,-1.0,-1.0
408663,59.06,0.1343454343555095,1.0,-1.0,1.0,-1.0
408664,59.22,0.271170555800893,1.0,-1.0,1.0,-1.0
408665,59.76,0.7879956772462791,1.0,-1.0,1.0,-1.0
408666,60.03,1.034820798691669,-1.0,-1.0,-1.0,-1.0
408667,59.94,0.9216459201370526,1.0,-1.0,1.0,-1.0
408668,59.99,0.9484710415824438,1.0,-1.0,-1.0,-1.0
408669,60.31,1.245296163027831,1.0,-1.0,1.0,-1.0
408670,61.32,2.232121284473216,-1.0,-1.0,-1.0,-1.0
408671,61.11,1.9989464059186017,-1.0,-1.0,-1.0,-1.0
408672,60.91,1.7757715273639858,1.0,-1.0,1.0,-1.0
408673,60.94,1.782596648809374,1.0,-1.0,1.0,-1.0
408674,61.63,2.4494217702547663,-1.0,-1.0,-1.0,-1.0
408675,60.15,0.9462468917001488,1.0,1.0,-1.0,1.0
408676,60.56,1.3330720131455394,-1.0,1.0,-1.0,1.0
408677,60.33,1.0798971345909223,-1.0,1.0,-1.0,1.0
408678,60.24,0.9667222560363128,-1.0,1.0,-1.0,1.0
408679,59.77,0.473547377481701,-1.0,1.0,-1.0,1.0
408680,58.84,-0.4796275010729119,1.0,1.0,1.0,1.0
408681,60.3,0.9571976203724688,-1.0,-1.0,-1.0,-1.0
408682,60.18,0.8140227418178583,-1.0,1.0,-1.0,1.0
408683,59.27,-0.1191521367367514,1.0,1.0,1.0,1.0
408684,60.4,0.9876729847086311,-1.0,1.0,1.0,1.0
408685,59.08,-0.3555018938459824,-1.0,1.0,-1.0,1.0
408686,58.52,-0.9386767724005908,-1.0,1.0,-1.0,1.0
408687,58.16,-1.3218516509552105,-1.0,1.0,1.0,1.0
408688,57.99,-1.5150265295098182,-1.0,1.0,-1.0,1.0
408689,55.53,-3.9982014080644315,-1.0,1.0,1.0,1.0
408690,55.08,-4.471376286619048,1.0,1.0,1.0,1.0
408691,56.2,-3.3745511651736564,1.0,1.0,1.0,1.0
408692,56.63,-2.9677260437282698,1.0,1.0,1.0,1.0
408693,57.93,-1.6909009222828857,-1.0,1.0,-1.0,1.0
408694,57.45,-2.194075800837496,1.0,1.0,-1.0,1.0
408695,58.06,-1.6072506793921093,1.0,1.0,1.0,1.0
408696,58.74,-0.9504255579467228,-1.0,1.0,-1.0,1.0
408697,58.64,-1.07360043650133,1.0,1.0,1.0,1.0
408698,59.63,-0.10677531505594118,-1.0,1.0,-1.0,1.0
408699,59.29,-0.4699501936105577,1.0,1.0,1.0,1.0
408700,59.39,-0.3931250721651693,1.0,1.0,1.0,1.0
408701,60.48,0.6737000492802068,1.0,-1.0,1.0,-1.0
408702,60.88,1.0505251707255994,-1.0,-1.0,-1.0,-1.0
408703,60.25,0.3973502921709837,1.0,-1.0,1.0,-1.0
408704,61.15,1.2741754136163692,1.0,1.0,1.0,1.0
408705,61.23,1.3310005350617544,1.0,1.0,1.0,1.0
408706,61.47,1.5478256565071504,1.0,1.0,1.0,1.0
408707,61.93,1.9846507779525384,-1.0,1.0,-1.0,1.0
408708,61.37,1.4014758993979228,-1.0,1.0,1.0,1.0
408709,60.56,0.5683010208433146,-1.0,1.0,-1.0,-1.0
408710,60.23,0.2151261422886961,1.0,1.0,1.0,1.0
408711,60.28,0.2419512637340873,1.0,1.0,1.0,1.0
408712,60.38,0.3187763851794756,1.0,1.0,1.0,-1.0
408713,60.53,0.4456015066248611,1.0,1.0,-1.0,1.0
408714,60.6,0.4924266280702412,-1.0,-1.0,-1.0,1.0
408715,60.12,-0.010748250484361677,1.0,-1.0,1.0,-1.0
408716,60.45,0.29607687096103064,1.0,-1.0,1.0,-1.0
408717,60.96,0.7829019924064156,-1.0,-1.0,-1.0,-1.0
408718,60.3,0.09972711385179167,1.0,-1.0,1.0,-1.0
408719,60.34,0.11655223529718485,-1.0,-1.0,1.0,-1.0
408720,60.16,-0.08662264325743507,-1.0,-1.0,-1.0,-1.0
408721,60.0,-0.26979752181204475,1.0,-1.0,1.0,1.0
408722,61.08,0.7870275996333405,1.0,-1.0,-1.0,-1.0
408723,61.54,1.2238527210787282,-1.0,-1.0,-1.0,-1.0
408724,61.38,1.0406778425241183,1.0,-1.0,1.0,-1.0
408725,62.7,2.3375029639695133,-1.0,-1.0,-1.0,-1.0
408726,62.67,2.284328085414898,-1.0,-1.0,-1.0,-1.0
408727,62.45,2.0411532068602867,-1.0,-1.0,-1.0,-1.0
408728,60.68,0.2479783283056705,1.0,-1.0,1.0,-1.0
408729,61.14,0.6848034497510582,-1.0,-1.0,-1.0,1.0
408730,60.04,-0.4383714288035563,-1.0,-1.0,-1.0,-1.0
408731,59.16,-1.341546307358179,-1.0,-1.0,-1.0,-1.0
408732,58.43,-2.094721185912789,1.0,-1.0,1.0,1.0
408733,59.77,-0.7778960644673987,1.0,-1.0,1.0,-1.0
408734,61.48,0.9089290569779892,1.0,-1.0,1.0,-1.0
408735,61.93,1.3357541784233788,1.0,-1.0,1.0,-1.0
408736,61.94,1.3225792998687638,1.0,-1.0,1.0,-1.0
408737,62.48,1.8394044213141496,0.0,-1.0,0.0,-1.0
408738,62.48,1.8162295427595367,1.0,-1.0,1.0,-1.0
408739,62.55,1.8630546642049242,1.0,-1.0,1.0,-1.0
408740,62.96,2.2498797856503145,1.0,-1.0,1.0,-1.0
408741,63.15,2.416704907095699,-1.0,-1.0,1.0,-1.0
408742,62.58,1.8235300285410856,-1.0,-1.0,-1.0,-1.0
408743,62.49,1.7103551499864764,-1.0,-1.0,-1.0,-1.0
408744,60.55,-0.2528197285681415,-1.0,-1.0,-1.0,-1.0
408745,58.98,-1.8459946071227549,1.0,1.0,1.0,1.0
408746,59.07,-1.7791694856773643,1.0,1.0,1.0,1.0
408747,60.39,-0.4823443642319774,-1.0,-1.0,-1.0,-1.0
408748,59.34,-1.5555192427865876,-1.0,1.0,-1.0,1.0
408749,58.83,-2.0886941213412062,1.0,1.0,1.0,1.0
408750,58.84,-2.1018689998958138,-1.0,1.0,1.0,1.0
408751,56.81,-4.155043878450428,-1.0,1.0,-1.0,1.0
408752,54.99,-5.9982187570050405,1.0,1.0,1.0,1.0
408753,55.93,-5.081393635559658,-1.0,1.0,-1.0,1.0
408754,55.71,-5.324568514114269,1.0,1.0,1.0,1.0
408755,55.89,-5.167743392668882,1.0,1.0,1.0,1.0
408756,57.59,-3.4909182712234923,-1.0,1.0,-1.0,1.0
408757,56.68,-4.424093149778108,1.0,1.0,1.0,1.0
408758,56.77,-4.357268028332719,-1.0,1.0,-1.0,1.0
408759,56.2,-4.950442906887332,-1.0,1.0,-1.0,1.0
408760,54.75,-6.423617785441947,1.0,1.0,1.0,1.0
408761,55.67,-5.5267926639965586,-1.0,1.0,1.0,1.0
408762,54.38,-6.839967542551173,1.0,1.0,1.0,1.0
408763,55.47,-5.7731424211057885,1.0,1.0,1.0,1.0
408764,56.72,-4.5463172996604015,-1.0,1.0,-1.0,1.0
408765,56.38,-4.909492178215012,1.0,1.0,1.0,1.0
408766,56.77,-4.542667056769624,1.0,1.0,1.0,1.0
408767,57.89,-3.4458419353242387,-1.0,1.0,-1.0,1.0
408768,57.82,-3.5390168138788525,1.0,1.0,1.0,1.0
408769,58.46,-2.922191692433465,-1.0,1.0,1.0,1.0
408770,58.37,-3.035366570988081,1.0,1.0,-1.0,1.0
408771,59.57,-1.858541449542692,1.0,-1.0,1.0,-1.0
408772,59.67,-1.7817163280973034,1.0,1.0,1.0,1.0
408773,60.1,-1.3748912066519168,-1.0,1.0,-1.0,1.0
408774,59.37,-2.1280660852065343,-1.0,1.0,-1.0,1.0
408775,59.23,-2.2912409637611475,1.0,1.0,1.0,1.0
408776,59.8,-1.7444158423157603,-1.0,1.0,-1.0,1.0
408777,59.35,-2.217590720870369,1.0,1.0,1.0,1.0
408778,60.82,-0.7707655994249833,1.0,1.0,1.0,1.0
408779,61.14,-0.4739404779795962,1.0,1.0,1.0,1.0
408780,61.58,-0.05711535653421153,-1.0,1.0,-1.0,1.0
408781,61.28,-0.38029023508882176,1.0,1.0,1.0,1.0
408782,61.77,0.08653488635656714,1.0,1.0,-1.0,1.0
408783,61.97,0.2633600078019498,1.0,1.0,1.0,1.0
408784,62.13,0.4001851292473404,-1.0,1.0,-1.0,1.0
408785,62.0,0.24701025069272475,-1.0,1.0,-1.0,-1.0
408786,60.89,-0.8861646278618878,1.0,1.0,1.0,1.0
408787,61.5,-0.2993395064165014,-1.0,1.0,-1.0,1.0
408788,59.96,-1.8625143849711137,1.0,1.0,1.0,1.0
408789,60.24,-1.6056892635257185,1.0,1.0,-1.0,1.0
408790,61.37,-0.4988641420803362,-1.0,1.0,-1.0,1.0
408791,61.0,-0.8920390206349467,1.0,1.0,1.0,1.0
408792,61.85,-0.06521389918955832,-1.0,1.0,-1.0,1.0
408793,61.61,-0.3283887777441805,1.0,1.0,1.0,1.0
408794,61.75,-0.21156365629879306,-1.0,1.0,-1.0,1.0
408795,61.2,-0.7847385348534033,1.0,1.0,1.0,1.0
408796,61.75,-0.2579134134080192,-1.0,1.0,-1.0,1.0
408797,61.14,-0.8910882919626317,-1.0,1.0,-1.0,1.0
408798,60.46,-1.5942631705172374,-1.0,1.0,-1.0,1.0
408799,59.61,-2.467438049071852,-1.0,1.0,-1.0,1.0
408800,59.54,-2.5606129276264653,1.0,1.0,1.0,1.0
408801,59.55,-2.5737878061810804,1.0,1.0,1.0,1.0
408802,60.96,-1.1869626847356898,-1.0,1.0,-1.0,1.0
408803,60.58,-1.5901375632903054,-1.0,1.0,-1.0,1.0
408804,59.95,-2.243312441844914,1.0,1.0,1.0,1.0
408805,60.52,-1.6964873203995268,-1.0,1.0,-1.0,1.0
408806,60.47,-1.7696621989541512,1.0,1.0,1.0,1.0
408807,60.85,-1.4128370775087475,1.0,1.0,1.0,1.0
408808,61.05,-1.2360119560633651,1.0,1.0,-1.0,1.0
408809,61.47,-0.8391868346179834,1.0,1.0,1.0,1.0
408810,61.7,-0.6323617131725925,1.0,1.0,1.0,1.0
408811,62.07,-0.2855365917272081,1.0,1.0,1.0,1.0
408812,63.04,0.6612885297181776,1.0,1.0,1.0,1.0
408813,64.21,1.8081136511635592,-1.0,1.0,-1.0,1.0
408814,63.81,1.3849387726089546,-1.0,1.0,-1.0,1.0
408815,62.84,0.39176389405434253,1.0,1.0,1.0,1.0
408816,63.24,0.7685890154997352,-1.0,1.0,-1.0,1.0
408817,62.31,-0.1845858630548776,1.0,1.0,1.0,1.0
408818,62.94,0.4222392583905048,-1.0,1.0,-1.0,1.0
408819,62.8,0.25906437983589115,-1.0,1.0,-1.0,1.0
408820,62.6,0.03588950128128232,-1.0,1.0,-1.0,1.0
408821,62.34,-0.2472853772733288,1.0,1.0,1.0,1.0
408822,62.76,0.14953974417204566,1.0,1.0,-1.0,1.0
408823,63.6,0.9663648656174358,-1.0,1.0,-1.0,1.0
408824,63.26,0.6031899870628195,1.0,1.0,1.0,1.0
408825,63.61,0.9300151085082148,1.0,1.0,-1.0,1.0
408826,64.72,2.016840229953601,-1.0,1.0,1.0,1.0
408827,64.4,1.6736653513989952,-1.0,1.0,-1.0,1.0
408828,63.92,1.170490472844378,1.0,1.0,1.0,1.0
408829,64.5,1.7273155942897631,1.0,1.0,1.0,1.0
408830,65.49,2.6941407157351454,-1.0,1.0,-1.0,1.0
408831,65.45,2.63096583718054,-1.0,1.0,-1.0,1.0
408832,65.36,2.5177909586259237,1.0,1.0,-1.0,1.0
408833,65.52,2.6546160800713063,1.0,1.0,1.0,1.0
408834,66.05,3.161441201516695,-1.0,1.0,-1.0,1.0
408835,65.88,2.96826632296208,1.0,1.0,1.0,1.0
408836,66.42,3.485091444407473,1.0,1.0,1.0,1.0
408837,67.01,4.051916565852864,-1.0,1.0,-1.0,1.0
408838,66.48,3.4987416872982493,1.0,1.0,1.0,1.0
408839,66.65,3.6455668087436384,-1.0,1.0,-1.0,1.0
408840,66.47,3.4423919301890185,-1.0,1.0,-1.0,1.0
408841,65.73,2.67921705163441,1.0,-1.0,1.0,-1.0
408842,66.47,3.3960421730797923,-1.0,-1.0,-1.0,-1.0
408843,66.2,3.1028672945251827,-1.0,1.0,-1.0,-1.0
408844,65.78,2.6596924159705684,1.0,1.0,-1.0,1.0
408845,66.08,2.9365175374159516,-1.0,1.0,-1.0,1.0
408846,66.02,2.8533426588613366,1.0,1.0,1.0,1.0
408847,66.7,3.5101677803067304,-1.0,1.0,-1.0,1.0
408848,66.33,3.1169929017521127,1.0,1.0,1.0,-1.0
408849,67.42,4.183818023197503,-1.0,1.0,-1.0,1.0
408850,66.89,3.630643144642889,1.0,1.0,1.0,1.0
408851,67.18,3.897468266088282,1.0,1.0,1.0,1.0
408852,68.26,4.954293387533667,1.0,1.0,1.0,1.0
408853,68.52,5.191118508979045,-1.0,1.0,-1.0,1.0
408854,68.25,4.897943630424436,-1.0,-1.0,-1.0,1.0
408855,67.99,4.614768751869819,1.0,1.0,1.0,-1.0
408856,68.37,4.971593873315214,-1.0,1.0,-1.0,1.0
408857,68.14,4.718418994760596,1.0,1.0,1.0,1.0
408858,68.78,5.335244116205986,-1.0,-1.0,-1.0,-1.0
408859,68.08,4.612069237651369,1.0,1.0,1.0,1.0
408860,68.96,5.468894359096751,1.0,-1.0,1.0,-1.0
408861,69.75,6.235719480542143,-1.0,-1.0,-1.0,-1.0
408862,69.02,5.482544601987527,-1.0,-1.0,-1.0,-1.0
408863,68.65,5.089369723432924,1.0,-1.0,1.0,-1.0
408864,68.95,5.366194844878309,-1.0,-1.0,-1.0,-1.0
408865,67.2,3.593019966323695,1.0,1.0,1.0,1.0
408866,67.76,4.129845087769084,1.0,-1.0,1.0,-1.0
408867,68.07,4.416670209214459,-1.0,-1.0,-1.0,-1.0
408868,67.52,3.8434953306598487,-1.0,1.0,-1.0,1.0
408869,67.33,3.6303204521052383,-1.0,1.0,-1.0,1.0
408870,66.8,3.077145573550624,-1.0,1.0,-1.0,1.0
408871,65.43,1.6839706949960274,1.0,1.0,1.0,1.0
408872,66.11,2.3407958164414064,1.0,-1.0,1.0,-1.0
408873,67.05,3.2576209378867915,1.0,-1.0,1.0,-1.0
408874,68.09,4.274446059332185,1.0,-1.0,1.0,-1.0
408875,69.04,5.201271180777574,1.0,-1.0,1.0,-1.0
408876,69.19,5.328096302222953,1.0,-1.0,1.0,-1.0
408877,69.56,5.674921423668338,-1.0,-1.0,-1.0,-1.0
408878,69.21,5.301746545113716,1.0,-1.0,1.0,-1.0
408879,69.26,5.328571666559113,-1.0,-1.0,-1.0,-1.0
408880,69.1,5.145396788004497,1.0,-1.0,-1.0,-1.0
408881,70.08,6.102221909449887,-1.0,-1.0,-1.0,-1.0
408882,69.64,5.63904703089527,-1.0,-1.0,-1.0,-1.0
408883,68.91,4.885872152340654,-1.0,-1.0,-1.0,-1.0
408884,68.01,3.962697273786048,1.0,-1.0,-1.0,-1.0
408885,68.05,3.9795223952314274,1.0,-1.0,1.0,-1.0
408886,68.94,4.846347516676815,1.0,-1.0,1.0,-1.0
408887,69.04,4.92317263812221,-1.0,-1.0,-1.0,-1.0
408888,68.53,4.389997759567591,0.0,-1.0,0.0,-1.0
408889,68.53,4.366822881012979,-1.0,-1.0,-1.0,-1.0
408890,68.46,4.273648002458359,1.0,-1.0,-1.0,-1.0
408891,68.73,4.5204731239037566,-1.0,-1.0,1.0,-1.0
408892,68.25,4.017298245349139,-1.0,-1.0,1.0,-1.0
408893,68.05,3.7941233667945222,1.0,-1.0,1.0,-1.0
408894,68.89,4.610948488239913,-1.0,-1.0,-1.0,-1.0
408895,68.23,3.9277736096853033,-1.0,-1.0,-1.0,-1.0
408896,67.24,2.914598731130681,1.0,-1.0,-1.0,-1.0
408897,67.55,3.2014238525760703,1.0,-1.0,1.0,-1.0
408898,67.89,3.5182489740214606,1.0,-1.0,1.0,-1.0
408899,68.07,3.6750740954668397,1.0,-1.0,1.0,-1.0
408900,68.21,3.791899216912228,-1.0,-1.0,-1.0,-1.0
408901,67.6,3.1587243383576156,-1.0,-1.0,-1.0,-1.0
408902,65.94,1.4755494598030054,-1.0,-1.0,-1.0,-1.0
408903,63.6,-0.887625418751604,-1.0,-1.0,-1.0,-1.0
408904,60.25,-4.2608002973062185,-1.0,1.0,-1.0,1.0
408905,59.91,-4.623975175860835,1.0,1.0,1.0,1.0
408906,62.91,-1.6471500544154483,1.0,-1.0,1.0,-1.0
408907,64.48,-0.10032493297005374,-1.0,-1.0,1.0,-1.0
408908,64.13,-0.4734998115246611,-1.0,-1.0,-1.0,-1.0
408909,64.1,-0.5266746900792896,-1.0,-1.0,-1.0,-1.0
408910,61.45,-3.1998495686338937,1.0,-1.0,1.0,-1.0
408911,62.57,-2.10302444718851,1.0,-1.0,1.0,-1.0
408912,62.68,-2.0161993257431234,-1.0,-1.0,1.0,-1.0
408913,61.5,-3.219374204297736,1.0,1.0,1.0,1.0
408914,63.16,-1.5825490828523527,-1.0,-1.0,-1.0,1.0
408915,62.18,-2.5857239614069627,1.0,-1.0,1.0,-1.0
408916,62.66,-2.1288988399615794,-1.0,1.0,-1.0,1.0
408917,62.56,-2.2520737185161717,-1.0,1.0,-1.0,1.0
408918,62.38,-2.4552485970707854,1.0,1.0,1.0,1.0
408919,63.58,-1.2784234756254025,1.0,1.0,1.0,1.0
408920,64.14,-0.7415983541800131,-1.0,1.0,-1.0,1.0
408921,62.65,-2.254773232734628,-1.0,1.0,-1.0,1.0
408922,60.94,-3.987948111289256,1.0,1.0,1.0,1.0
408923,61.45,-3.5011229898438643,-1.0,1.0,1.0,1.0
408924,60.91,-4.064297868398484,-1.0,1.0,-1.0,1.0
408925,60.64,-4.357472746953094,-1.0,1.0,-1.0,1.0
408926,60.22,-4.800647625507693,1.0,1.0,1.0,1.0
408927,61.47,-3.5738225040623064,-1.0,1.0,-1.0,1.0
408928,59.98,-5.0869973826169215,-1.0,1.0,-1.0,1.0
408929,59.84,-5.250172261171528,1.0,1.0,1.0,1.0
408930,60.97,-4.1433471397261465,1.0,1.0,1.0,1.0
408931,61.42,-3.7165220182807563,-1.0,1.0,-1.0,1.0
408932,60.81,-4.349696896835368,1.0,1.0,1.0,1.0
408933,62.02,-3.1628717753899807,1.0,1.0,1.0,1.0
408934,62.05,-3.1560466539446,1.0,1.0,1.0,1.0
408935,62.13,-3.0992215324992074,0.0,1.0,0.0,1.0
408936,62.13,-3.1223964110538205,-1.0,1.0,1.0,1.0
408937,61.93,-3.3455712896084364,-1.0,1.0,-1.0,1.0
408938,61.72,-3.5787461681630504,-1.0,1.0,-1.0,1.0
408939,61.55,-3.771921046717665,-1.0,1.0,-1.0,1.0
408940,59.99,-5.355095925272273,1.0,1.0,1.0,1.0
408941,61.89,-3.4782708038268884,1.0,1.0,1.0,1.0
408942,62.43,-2.961445682381502,-1.0,1.0,-1.0,1.0
408943,62.22,-3.194620560936116,1.0,1.0,1.0,1.0
408944,62.52,-2.9177954394907246,-1.0,1.0,-1.0,1.0
408945,62.06,-3.4009703180453386,1.0,1.0,1.0,1.0
408946,63.19,-2.294145196599956,1.0,1.0,-1.0,1.0
408947,63.87,-1.6373200751545696,1.0,1.0,1.0,1.0
408948,63.9,-1.6304949537091815,-1.0,1.0,-1.0,1.0
408949,63.64,-1.9136698322637928,1.0,1.0,1.0,1.0
408950,65.5,-0.07684471081840627,-1.0,1.0,-1.0,1.0
408951,65.21,-0.3900195893730256,-1.0,-1.0,-1.0,-1.0
408952,64.25,-1.3731944679276324,1.0,1.0,-1.0,1.0
408953,65.54,-0.10636934648222507,1.0,1.0,1.0,1.0
408954,65.78,0.11045577496315673,1.0,1.0,1.0,1.0
408955,65.85,0.1572808964085226,1.0,1.0,1.0,1.0
408956,66.44,0.7241060178539129,1.0,-1.0,1.0,-1.0
408957,68.46,2.7209311392992963,-1.0,-1.0,-1.0,1.0
408958,67.39,1.6277562607446896,1.0,-1.0,1.0,1.0
408959,67.68,1.8945813821900828,-1.0,-1.0,-1.0,-1.0
408960,67.35,1.5414065036354572,-1.0,-1.0,-1.0,-1.0
408961,66.0,0.16823162508084974,-1.0,1.0,-1.0,-1.0
408962,65.56,-0.29494325347376105,1.0,1.0,1.0,1.0
408963,66.51,0.6318818679716429,-1.0,1.0,-1.0,1.0
408964,66.13,0.22870698941702014,1.0,-1.0,-1.0,-1.0
408965,67.45,1.5255321108624145,1.0,-1.0,1.0,-1.0
408966,67.66,1.7123572323077951,-1.0,-1.0,-1.0,-1.0
408967,67.54,1.5691823537531917,-1.0,-1.0,-1.0,-1.0
408968,66.88,0.8860074751985536,-1.0,-1.0,-1.0,-1.0
408969,66.78,0.7628325966439462,1.0,-1.0,1.0,-1.0
408970,66.86,0.8196577180893314,1.0,-1.0,-1.0,-1.0
408971,67.17,1.1064828395347206,-1.0,-1.0,-1.0,-1.0
408972,66.68,0.5933079609801268,1.0,-1.0,1.0,-1.0
408973,67.61,1.5001330824255064,-1.0,-1.0,-1.0,-1.0
408974,66.66,0.5269582038708904,-1.0,-1.0,1.0,-1.0
408975,65.8,-0.3562166746837221,1.0,-1.0,-1.0,-1.0
408976,67.89,1.7106084467616682,-1.0,-1.0,-1.0,-1.0
408977,67.0,0.7974335682070546,-1.0,-1.0,-1.0,-1.0
408978,65.96,-0.2657413103475648,-1.0,-1.0,-1.0,-1.0
408979,65.46,-0.7889161889021779,1.0,-1.0,1.0,-1.0
408980,65.61,-0.6620910674567853,-1.0,-1.0,-1.0,-1.0
408981,64.07,-2.2252659460114046,1.0,-1.0,1.0,-1.0
408982,64.27,-2.048440824566015,1.0,-1.0,1.0,-1.0
408983,66.1,-0.24161570312062966,1.0,-1.0,1.0,-1.0
408984,67.53,1.1652094183247643,-1.0,-1.0,1.0,-1.0
408985,66.28,-0.107965460229849,-1.0,-1.0,-1.0,-1.0
408986,64.4,-2.011140338784457,1.0,-1.0,1.0,1.0
408987,65.54,-0.89431521733907,1.0,-1.0,1.0,-1.0
408988,65.68,-0.7774900958936826,1.0,-1.0,1.0,-1.0
408989,66.73,0.2493350255517015,-1.0,-1.0,-1.0,-1.0
408990,66.6,0.09616014699707877,-1.0,-1.0,-1.0,-1.0
408991,66.38,-0.1470147315575332,1.0,-1.0,1.0,-1.0
408992,67.07,0.5198103898878514,-1.0,-1.0,-1.0,-1.0
408993,66.59,0.016635511333248587,-1.0,-1.0,-1.0,-1.0
408994,66.03,-0.5665393672213668,-1.0,-1.0,-1.0,-1.0
408995,63.62,-2.999714245775984,1.0,-1.0,1.0,1.0
408996,63.73,-2.9128891243305968,-1.0,-1.0,-1.0,-1.0
408997,62.81,-3.8560640028852053,-1.0,-1.0,-1.0,-1.0
408998,60.27,-6.419238881439817,-1.0,-1.0,-1.0,-1.0
408999,58.92,-7.7924137599944325,-1.0,-1.0,-1.0,-1.0
409000,58.83,-7.905588638549048,1.0,-1.0,1.0,-1.0
409001,58.96,-7.798763517103659,-1.0,-1.0,-1.0,-1.0
409002,57.34,-9.441938395658271,1.0,1.0,1.0,1.0
409003,58.2,-8.605113274212883,-1.0,-1.0,-1.0,-1.0
409004,57.04,-9.7882881527675,-1.0,1.0,-1.0,1.0
409005,57.01,-9.841463031322114,-1.0,1.0,-1.0,1.0
409006,55.51,-11.364637909876725,-1.0,1.0,-1.0,1.0
409007,55.25,-11.647812788431336,1.0,1.0,1.0,1.0
409008,56.95,-9.970987666985947,-1.0,1.0,-1.0,1.0
409009,55.66,-11.28416254554057,1.0,1.0,1.0,1.0
409010,57.08,-9.88733742409518,-1.0,1.0,-1.0,1.0
409011,57.04,-9.950512302649793,1.0,1.0,1.0,1.0
409012,57.28,-9.733687181204402,1.0,1.0,1.0,1.0
409013,59.5,-7.5368620597590175,-1.0,-1.0,-1.0,-1.0
409014,58.86,-8.20003693831363,-1.0,1.0,-1.0,1.0
409015,57.03,-10.053211816868242,1.0,1.0,1.0,1.0
409016,57.41,-9.69638669542286,1.0,1.0,1.0,1.0
409017,58.4,-8.729561573977469,-1.0,1.0,-1.0,1.0
409018,57.75,-9.402736452532082,-1.0,1.0,-1.0,1.0
409019,56.54,-10.635911331086696,-1.0,1.0,-1.0,1.0
409020,56.2,-10.999086209641304,-1.0,1.0,-1.0,1.0
409021,55.52,-11.702261088195918,-1.0,1.0,-1.0,1.0
409022,53.07,-14.175435966750536,1.0,1.0,1.0,1.0
409023,57.49,-9.778610845305145,1.0,1.0,1.0,1.0
409024,58.35,-8.94178572385976,1.0,1.0,-1.0,1.0
409025,58.77,-8.544960602414369,-1.0,1.0,-1.0,1.0
409026,57.81,-9.528135480968984,1.0,1.0,-1.0,1.0
409027,57.82,-9.5413103595236,1.0,1.0,1.0,1.0
409028,58.57,-8.814485238078213,-1.0,-1.0,1.0,1.0
409029,56.12,-11.287660116632829,1.0,1.0,1.0,1.0
409030,56.14,-11.290834995187437,1.0,1.0,1.0,1.0
409031,57.01,-10.444009873742054,1.0,1.0,1.0,1.0
409032,57.54,-9.937184752296666,-1.0,1.0,-1.0,1.0
409033,56.3,-11.200359630851278,1.0,1.0,1.0,1.0
409034,59.2,-8.323534509405889,1.0,1.0,1.0,1.0
409035,59.76,-7.786709387960506,1.0,1.0,1.0,1.0
409036,59.96,-7.609884266515117,1.0,1.0,1.0,1.0
409037,60.05,-7.543059145069733,-1.0,1.0,-1.0,1.0
409038,59.94,-7.676234023624346,-1.0,1.0,-1.0,1.0
409039,58.78,-8.859408902178957,1.0,1.0,1.0,1.0
409040,59.12,-8.542583780733572,-1.0,1.0,-1.0,1.0
409041,58.61,-9.075758659288184,1.0,1.0,-1.0,1.0
409042,59.34,-8.368933537842793,-1.0,1.0,-1.0,1.0
409043,59.12,-8.612108416397412,1.0,1.0,1.0,1.0
409044,59.2,-8.55528329495202,-1.0,1.0,-1.0,1.0
409045,58.92,-8.858458173506634,-1.0,1.0,-1.0,1.0
409046,58.75,-9.051633052061248,1.0,1.0,1.0,1.0
409047,60.48,-7.344807930615865,-1.0,1.0,-1.0,1.0
409048,60.46,-7.387982809170474,-1.0,1.0,-1.0,1.0
409049,60.24,-7.631157687725087,-1.0,1.0,-1.0,1.0
409050,59.94,-7.954332566279702,-1.0,1.0,1.0,1.0
409051,59.48,-8.437507444834317,-1.0,1.0,-1.0,1.0
409052,59.4,-8.540682323388928,-1.0,1.0,-1.0,1.0
409053,59.03,-8.933857201943539,1.0,1.0,1.0,1.0
409054,59.71,-8.277032080498152,-1.0,1.0,-1.0,1.0
409055,59.22,-8.790206959052767,1.0,1.0,1.0,1.0
409056,59.87,-8.163381837607382,-1.0,1.0,-1.0,1.0
409057,59.2,-8.85655671616199,-1.0,1.0,-1.0,1.0
409058,58.36,-9.719731594716604,1.0,1.0,1.0,1.0
409059,58.81,-9.292906473271218,-1.0,1.0,-1.0,1.0
409060,57.32,-10.806081351825831,1.0,1.0,1.0,1.0
409061,57.74,-10.409256230380443,1.0,1.0,1.0,1.0
409062,58.2,-9.972431108935057,1.0,1.0,-1.0,1.0
409063,59.28,-8.91560598748967,1.0,1.0,1.0,1.0
409064,61.79,-6.428780866044285,1.0,1.0,-1.0,1.0
409065,62.59,-5.651955744598894,-1.0,1.0,-1.0,1.0
409066,61.87,-6.395130623153513,1.0,1.0,-1.0,1.0
409067,62.27,-6.01830550170812,1.0,1.0,-1.0,1.0
409068,63.32,-4.991480380262736,1.0,1.0,1.0,1.0
409069,64.24,-4.094655258817355,-1.0,1.0,-1.0,1.0
409070,63.6,-4.757830137371961,1.0,1.0,1.0,1.0
409071,63.97,-4.411005015926577,-1.0,1.0,-1.0,1.0
409072,63.6,-4.804179894481186,1.0,1.0,1.0,1.0
409073,63.93,-4.497354773035801,1.0,1.0,1.0,1.0
409074,64.11,-4.340529651590416,-1.0,1.0,-1.0,1.0
409075,63.6,-4.8737045301450275,-1.0,1.0,-1.0,1.0
409076,63.2,-5.296879408699637,1.0,1.0,1.0,1.0
409077,63.79,-4.730054287254255,-1.0,-1.0,-1.0,1.0
409078,62.56,-5.983229165808865,-1.0,-1.0,1.0,1.0
409079,61.57,-6.996404044363481,-1.0,1.0,-1.0,1.0
409080,61.24,-7.3495789229180915,1.0,1.0,-1.0,1.0
409081,61.6,-7.012753801472706,-1.0,1.0,-1.0,1.0
409082,61.21,-7.425928680027318,1.0,1.0,1.0,1.0
409083,62.04,-6.6191035585819336,-1.0,1.0,-1.0,1.0
409084,61.81,-6.872278437136544,-1.0,1.0,-1.0,1.0
409085,61.77,-6.935453315691157,-1.0,-1.0,1.0,1.0
409086,61.2,-7.528628194245769,1.0,-1.0,1.0,-1.0
409087,61.66,-7.0918030728003885,0.0,-1.0,0.0,-1.0
409088,61.66,-7.1149779513550016,1.0,-1.0,1.0,-1.0
409089,64.04,-4.758152829909605,-1.0,-1.0,-1.0,1.0
409090,63.39,-5.431327708464223,1.0,-1.0,1.0,-1.0
409091,63.51,-5.334502587018825,-1.0,-1.0,-1.0,1.0
409092,63.46,-5.4076774655734345,1.0,-1.0,1.0,-1.0
409093,64.54,-4.350852344128056,1.0,-1.0,1.0,-1.0
409094,65.52,-3.3940272226826806,-1.0,-1.0,-1.0,-1.0
409095,65.03,-3.9072021012372886,1.0,-1.0,1.0,-1.0
409096,65.43,-3.5303769797918965,-1.0,-1.0,-1.0,-1.0
409097,65.27,-3.71355185834652,1.0,-1.0,1.0,-1.0
409098,65.69,-3.3167267369011317,1.0,-1.0,1.0,-1.0
409099,65.81,-3.2199016154557403,-1.0,-1.0,-1.0,-1.0
409100,64.64,-4.41307649401034,1.0,-1.0,1.0,-1.0
409101,65.28,-3.796251372564953,-1.0,-1.0,-1.0,-1.0
409102,65.06,-4.039426251119565,1.0,-1.0,-1.0,-1.0
409103,65.25,-3.87260112967418,-1.0,-1.0,-1.0,-1.0
409104,64.75,-4.395776008228793,-1.0,-1.0,-1.0,-1.0
409105,63.84,-5.328950886783403,-1.0,1.0,1.0,1.0
409106,63.27,-5.9221257653380315,-1.0,1.0,-1.0,1.0
409107,62.08,-7.1353006438926485,-1.0,1.0,-1.0,1.0
409108,61.97,-7.268475522447262,1.0,1.0,1.0,1.0
409109,62.22,-7.04165040100186,1.0,1.0,1.0,1.0
409110,62.28,-7.004825279556471,1.0,1.0,1.0,1.0
409111,62.37,-6.938000158111088,1.0,1.0,1.0,1.0
409112,62.95,-6.381175036665696,-1.0,1.0,-1.0,1.0
409113,62.71,-6.644349915220309,1.0,1.0,1.0,1.0
409114,64.05,-5.327524793774927,-1.0,1.0,-1.0,1.0
409115,59.6,-9.800699672329536,-1.0,1.0,-1.0,1.0
409116,57.61,-11.813874550884151,1.0,1.0,1.0,1.0
409117,59.52,-9.92704942943876,1.0,1.0,1.0,1.0
409118,61.2,-8.270224307993374,1.0,1.0,1.0,1.0
409119,62.14,-7.353399186547989,-1.0,1.0,1.0,1.0
409120,61.26,-8.256574065102606,-1.0,1.0,-1.0,1.0
409121,59.55,-9.98974894365722,1.0,1.0,1.0,1.0
409122,60.19,-9.372923822211831,1.0,1.0,1.0,1.0
409123,60.58,-9.006098700766444,1.0,1.0,1.0,1.0
409124,61.83,-7.779273579321058,1.0,1.0,1.0,1.0
409125,62.27,-7.362448457875665,1.0,1.0,1.0,1.0
409126,63.2,-6.4556233364302775,-1.0,1.0,-1.0,1.0
409127,63.16,-6.518798214984898,1.0,1.0,-1.0,1.0
409128,64.12,-5.581973093539503,1.0,1.0,1.0,1.0
409129,64.18,-5.545147972094114,-1.0,1.0,-1.0,1.0
409130,63.96,-5.788322850648732,-1.0,1.0,1.0,1.0
409131,63.86,-5.911497729203348,1.0,1.0,1.0,1.0
409132,63.93,-5.864672607757959,-1.0,1.0,-1.0,1.0
409133,63.69,-6.127847486312575,1.0,1.0,1.0,1.0
409134,64.04,-5.80102236486718,-1.0,1.0,-1.0,1.0
409135,63.87,-5.9941972434218025,1.0,1.0,1.0,1.0
409136,64.13,-5.7573721219764025,1.0,1.0,1.0,1.0
409137,64.33,-5.580547000531013,-1.0,1.0,-1.0,1.0
409138,64.1,-5.83372187908563,-1.0,1.0,1.0,1.0
409139,63.97,-5.9868967576402525,-1.0,1.0,-1.0,1.0
409140,63.8,-6.180071636194867,-1.0,1.0,1.0,1.0
409141,63.65,-6.353246514749478,1.0,1.0,1.0,1.0
409142,64.66,-5.366421393304093,-1.0,1.0,-1.0,1.0
409143,64.56,-5.4895962718587015,1.0,1.0,1.0,1.0
409144,66.3,-3.77277115041332,-1.0,-1.0,-1.0,-1.0
409145,66.1,-3.995946028967936,-1.0,1.0,1.0,1.0
409146,65.87,-4.249120907522524,-1.0,1.0,-1.0,1.0
409147,65.28,-4.862295786077142,1.0,1.0,1.0,1.0
409148,65.46,-4.705470664631762,-1.0,1.0,-1.0,1.0
409149,65.32,-4.868645543186375,1.0,1.0,1.0,1.0
409150,65.72,-4.491820421740981,-1.0,1.0,-1.0,1.0
409151,65.71,-4.5249953002956005,1.0,1.0,1.0,1.0
409152,65.89,-4.368170178850221,1.0,-1.0,1.0,-1.0
409153,65.95,-4.331345057404833,-1.0,1.0,-1.0,1.0
409154,65.86,-4.444519935959448,-1.0,1.0,-1.0,1.0
409155,65.8,-4.5276948145140485,-1.0,1.0,-1.0,1.0
409156,65.77,-4.580869693068664,1.0,1.0,1.0,1.0
409157,65.95,-4.424044571623269,1.0,1.0,1.0,1.0
409158,66.07,-4.327219450177893,1.0,1.0,1.0,1.0
409159,66.22,-4.2003943287325,1.0,1.0,1.0,1.0
409160,66.95,-3.4935692072871087,1.0,1.0,1.0,1.0
409161,67.5,-2.9667440858417247,0.0,1.0,0.0,1.0
409162,67.5,-2.9899189643963378,-1.0,1.0,-1.0,1.0
409163,67.21,-3.303093842950957,1.0,1.0,1.0,1.0
409164,67.49,-3.046268721505569,-1.0,-1.0,-1.0,-1.0
409165,67.44,-3.11944360006018,-1.0,1.0,-1.0,1.0
409166,67.16,-3.422618478614794,1.0,1.0,1.0,1.0
409167,67.25,-3.355793357169404,-1.0,1.0,-1.0,1.0
409168,66.65,-3.978968235724011,1.0,1.0,1.0,1.0
409169,67.06,-3.5921431142786275,-1.0,1.0,-1.0,1.0
409170,66.53,-4.145317992833242,-1.0,1.0,-1.0,1.0
409171,66.4,-4.29849287138785,1.0,1.0,1.0,1.0
409172,66.64,-4.0816677499424685,-1.0,1.0,-1.0,1.0
409173,65.82,-4.924842628497089,1.0,1.0,1.0,1.0
409174,66.19,-4.5780175070516975,1.0,1.0,1.0,1.0
409175,66.46,-4.3311923856063155,1.0,1.0,1.0,1.0
409176,66.84,-3.974367264160918,1.0,1.0,1.0,1.0
409177,67.39,-3.447542142715534,-1.0,1.0,-1.0,1.0
409178,67.25,-3.610717021270148,-1.0,1.0,-1.0,1.0
409179,65.78,-5.10389189982476,1.0,1.0,1.0,1.0
409180,66.36,-4.547066778379374,1.0,1.0,1.0,1.0
409181,66.71,-4.220241656933993,-1.0,1.0,1.0,1.0
409182,65.65,-5.303416535488593,1.0,1.0,1.0,1.0
409183,66.59,-4.3865914140432105,-1.0,1.0,-1.0,1.0
409184,66.51,-4.489766292597821,1.0,1.0,1.0,1.0
409185,66.6,-4.422941171152445,1.0,1.0,1.0,1.0
409186,67.69,-3.3561160497070546,1.0,1.0,1.0,1.0
409187,67.87,-3.199290928261661,1.0,1.0,1.0,1.0
409188,68.11,-2.9824658068162786,1.0,1.0,1.0,1.0
409189,68.64,-2.475640685370891,-1.0,1.0,1.0,1.0
409190,68.31,-2.8288155639255024,-1.0,1.0,-1.0,1.0
409191,68.13,-3.0319904424801223,-1.0,1.0,-1.0,1.0
409192,67.74,-3.445165321034736,-1.0,1.0,-1.0,1.0
409193,67.52,-3.6883401995893483,-1.0,1.0,-1.0,1.0
409194,67.17,-4.061515078143955,1.0,1.0,-1.0,1.0
409195,67.7,-3.5546899566985672,1.0,1.0,1.0,1.0
409196,68.35,-2.9278648352531893,-1.0,1.0,-1.0,1.0
409197,68.26,-3.0410397138077907,1.0,1.0,-1.0,1.0
409198,68.49,-2.8342145923624145,1.0,1.0,-1.0,1.0
409199,68.87,-2.477389470917018,-1.0,1.0,-1.0,1.0
409200,68.8,-2.5705643494716384,1.0,1.0,1.0,1.0
409201,69.13,-2.263739228026253,1.0,1.0,1.0,1.0
409202,69.23,-2.1869141065808577,-1.0,1.0,-1.0,1.0
409203,69.11,-2.330088985135476,1.0,1.0,-1.0,1.0
409204,69.26,-2.2032638636900828,-1.0,1.0,-1.0,1.0
409205,68.97,-2.5164387422447017,-1.0,1.0,-1.0,1.0
409206,68.68,-2.8296136207993072,-1.0,1.0,-1.0,1.0
409207,68.38,-3.152788499353932,-1.0,1.0,-1.0,1.0
409208,67.76,-3.795963377908535,1.0,1.0,1.0,1.0
409209,69.88,-1.699138256463158,1.0,1.0,-1.0,1.0
409210,70.03,-1.5723131350177653,1.0,1.0,1.0,1.0
409211,73.25,1.6245119864276203,1.0,1.0,-1.0,1.0
409212,76.65,5.001337107873012,1.0,1.0,1.0,1.0
409213,76.69,5.018162229318392,1.0,1.0,1.0,1.0
409214,79.51,7.8149873507637855,-1.0,1.0,-1.0,-1.0
409215,79.36,7.641812472209168,-1.0,1.0,-1.0,1.0
409216,77.4,5.658637593654561,1.0,1.0,1.0,1.0
409217,78.02,6.255462715099938,-1.0,1.0,-1.0,1.0
409218,77.71,5.922287836545322,1.0,1.0,1.0,1.0
409219,78.05,6.239112957990713,1.0,1.0,1.0,1.0
409220,78.53,6.695938079436103,1.0,1.0,1.0,1.0
409221,78.86,7.002763200881488,-1.0,1.0,-1.0,1.0
409222,78.83,6.949588322326875,-1.0,1.0,-1.0,1.0
409223,78.32,6.4164134437722575,1.0,1.0,1.0,1.0
409224,78.92,6.993238565217652,1.0,1.0,1.0,1.0
409225,80.17,8.220063686663039,1.0,1.0,1.0,1.0
409226,81.79,9.81688880810843,-1.0,1.0,-1.0,1.0
409227,81.6,9.603713929553804,1.0,1.0,1.0,1.0
409228,83.26,11.240539050999203,1.0,1.0,-1.0,1.0
409229,83.69,11.647364172444586,1.0,-1.0,1.0,-1.0
409230,84.07,12.004189293889967,1.0,-1.0,1.0,-1.0
409231,85.12,13.031014415335365,1.0,-1.0,1.0,-1.0
409232,85.49,13.37783953678074,-1.0,1.0,-1.0,1.0
409233,84.73,12.594664658226135,1.0,1.0,1.0,1.0
409234,84.76,12.601489779671526,-1.0,1.0,-1.0,1.0
409235,84.73,12.54831490111691,1.0,1.0,1.0,1.0
409236,86.0,13.795140022562293,-1.0,-1.0,-1.0,-1.0
409237,84.94,12.711965144007678,1.0,1.0,1.0,1.0
409238,85.43,13.178790265453074,1.0,-1.0,1.0,-1.0
409239,86.53,14.255615386898455,1.0,1.0,1.0,1.0
409240,86.75,14.45244050834384,1.0,1.0,1.0,1.0
409241,86.89,14.569265629789227,1.0,-1.0,1.0,-1.0
409242,87.05,14.706090751234612,1.0,-1.0,1.0,1.0
409243,87.13,14.762915872679994,-1.0,1.0,-1.0,1.0
409244,86.5,14.109740994125387,-1.0,1.0,-1.0,1.0
409245,85.89,13.476566115570776,1.0,1.0,1.0,1.0
409246,86.29,13.853391237016167,1.0,1.0,1.0,1.0
409247,87.23,14.770216358461552,-1.0,1.0,-1.0,1.0
409248,86.91,14.427041479906931,-1.0,1.0,-1.0,1.0
409249,86.11,13.603866601352324,1.0,1.0,1.0,1.0
409250,86.12,13.590691722797716,1.0,1.0,1.0,1.0
409251,86.18,13.627516844243104,1.0,1.0,1.0,1.0
409252,86.43,13.85434196568849,1.0,1.0,1.0,1.0
409253,87.08,14.481167087133871,-1.0,1.0,-1.0,1.0
409254,86.24,13.617992208579253,1.0,1.0,1.0,1.0
409255,86.7,14.054817330024648,-1.0,1.0,-1.0,1.0
409256,83.55,10.881642451470027,1.0,1.0,1.0,1.0
409257,83.94,11.248467572915416,-1.0,1.0,1.0,-1.0
409258,83.3,10.585292694360804,1.0,1.0,1.0,1.0
409259,83.67,10.932117815806194,1.0,1.0,1.0,-1.0
409260,83.71,10.948942937251573,1.0,1.0,1.0,1.0
409261,84.72,11.935768058696963,1.0,1.0,-1.0,-1.0
409262,86.03,13.222593180142354,1.0,1.0,1.0,1.0
409263,86.75,13.919418301587742,1.0,1.0,-1.0,1.0
409264,86.93,14.076243423033135,-1.0,1.0,-1.0,1.0
409265,86.03,13.153068544478517,-1.0,1.0,-1.0,1.0
409266,84.63,11.729893665923893,1.0,1.0,1.0,1.0
409267,84.95,12.026718787369289,-1.0,1.0,-1.0,1.0
409268,84.59,11.643543908814678,1.0,1.0,1.0,1.0
409269,87.18,14.21036903026007,-1.0,1.0,-1.0,1.0
409270,86.77,13.777194151705446,-1.0,1.0,-1.0,1.0
409271,86.72,13.704019273150836,-1.0,1.0,-1.0,1.0
409272,85.96,12.920844394596214,1.0,1.0,1.0,1.0
409273,87.2,14.137669516041612,-1.0,1.0,-1.0,1.0
409274,87.0,13.91449463748701,1.0,1.0,-1.0,1.0
409275,88.15,15.041319758932405,1.0,1.0,-1.0,1.0
409276,89.56,16.428144880377776,1.0,-1.0,-1.0,-1.0
409277,90.59,17.43497000182316,-1.0,-1.0,-1.0,-1.0
409278,90.53,17.351795123268545,-1.0,-1.0,1.0,-1.0
409279,90.23,17.028620244713935,1.0,-1.0,-1.0,-1.0
409280,91.01,17.785445366159326,1.0,-1.0,1.0,-1.0
409281,91.06,17.812270487604707,1.0,-1.0,1.0,-1.0
409282,91.13,17.859095609050087,-1.0,-1.0,1.0,-1.0
409283,90.33,17.03592073049549,1.0,-1.0,1.0,-1.0
409284,90.43,17.112745851940886,1.0,-1.0,1.0,-1.0
409285,90.62,17.279570973386267,1.0,-1.0,1.0,-1.0
409286,93.6,20.236396094831647,-1.0,-1.0,-1.0,-1.0
409287,92.14,18.75322121627704,1.0,-1.0,1.0,-1.0
409288,92.8,19.390046337722424,-1.0,-1.0,-1.0,-1.0
409289,91.92,18.4868714591678,-1.0,-1.0,-1.0,-1.0
409290,91.41,17.953696580613183,-1.0,-1.0,-1.0,-1.0
409291,91.21,17.730521702058567,1.0,-1.0,-1.0,-1.0
409292,91.57,18.067346823503968,-1.0,-1.0,-1.0,-1.0
409293,91.28,17.754171944949363,1.0,-1.0,-1.0,-1.0
409294,91.36,17.810997066394748,1.0,-1.0,1.0,-1.0
409295,91.51,17.93782218784014,1.0,-1.0,1.0,-1.0
409296,91.73,18.134647309285526,-1.0,-1.0,-1.0,-1.0
409297,91.64,18.02147243073091,-1.0,-1.0,-1.0,-1.0
409298,90.68,17.038297552176303,-1.0,-1.0,-1.0,-1.0
409299,90.03,16.365122673621684,-1.0,-1.0,-1.0,-1.0
409300,87.39,13.701947795067069,1.0,-1.0,-1.0,-1.0
409301,87.53,13.818772916512456,-1.0,-1.0,-1.0,-1.0
409302,87.39,13.655598037957844,-1.0,-1.0,-1.0,-1.0
409303,87.29,13.532423159403233,-1.0,-1.0,-1.0,-1.0
409304,87.24,13.459248280848612,1.0,-1.0,1.0,-1.0
409305,88.6,14.796073402293999,-1.0,-1.0,-1.0,-1.0
409306,88.27,14.442898523739386,1.0,-1.0,-1.0,-1.0
409307,89.03,15.17972364518478,-1.0,-1.0,-1.0,-1.0
409308,87.84,13.966548766630169,-1.0,-1.0,-1.0,-1.0
409309,87.52,13.623373888075546,-1.0,1.0,-1.0,1.0
409310,87.31,13.390199009520938,-1.0,-1.0,-1.0,-1.0
409311,86.19,12.247024130966325,1.0,-1.0,-1.0,-1.0
409312,86.48,12.513849252411717,-1.0,-1.0,-1.0,-1.0
409313,86.18,12.190674373857107,-1.0,-1.0,-1.0,-1.0
409314,85.88,11.867499495302482,-1.0,-1.0,-1.0,-1.0
409315,85.73,11.694324616747878,-1.0,-1.0,-1.0,-1.0
409316,85.4,11.341149738193266,-1.0,-1.0,-1.0,-1.0
409317,84.4,10.317974859638653,1.0,1.0,1.0,1.0
409318,85.86,11.754799981084034,-1.0,-1.0,-1.0,-1.0
409319,85.16,11.031625102529432,-1.0,-1.0,-1.0,-1.0
409320,84.46,10.308450223974816,1.0,-1.0,1.0,1.0
409321,85.55,11.375275345420206,-1.0,-1.0,-1.0,-1.0
